case_id,track,status,initial_variable_count,reduced_variable_count,selected_equation_count,square_jacobian_condition_number,start_full_tensor_max_abs_residual,num_solutions_returned,endpoint_max_imag,endpoint_selected_residual_max_abs,endpoint_full_tensor_max_abs_residual,endpoint_to_start_chart_max_abs,exact_hit,julia_return_code,stdout_path,runtime_seconds,provenance
step83b_track2_screen_0829,track2,no_solution_returned,133,133,133,4.5290626494005927e+01,1.1722869342633537e+01,0,0.0000000000000000e+00,,,,,0,outputs\exports\step83b_track2_screen_0829_stdout.txt,8.3960782527923584e+01,MEASURED_FROM_CODE
step83b_track2_screen_0199,track2,no_solution_returned,133,133,133,5.3712960750138755e+01,1.0370232104528903e+01,0,0.0000000000000000e+00,,,,,0,outputs\exports\step83b_track2_screen_0199_stdout.txt,8.4732090234756470e+01,MEASURED_FROM_CODE
step83b_track2_screen_0283,track2,no_solution_returned,133,133,133,5.0161394537866400e+01,9.0215761761397442e+00,0,0.0000000000000000e+00,,,,,0,outputs\exports\step83b_track2_screen_0283_stdout.txt,8.6914830207824707e+01,MEASURED_FROM_CODE
step83b_track2_screen_0361,track2,no_solution_returned,133,133,133,5.0926061144046741e+01,8.7735496128843984e+00,0,0.0000000000000000e+00,,,,,0,outputs\exports\step83b_track2_screen_0361_stdout.txt,9.2566350221633911e+01,MEASURED_FROM_CODE
step83b_track2_screen_0739,track2,no_solution_returned,133,133,133,4.5815795731605036e+01,8.0168705370982529e+00,0,0.0000000000000000e+00,,,,,0,outputs\exports\step83b_track2_screen_0739_stdout.txt,9.6311094522476196e+01,MEASURED_FROM_CODE
step83b_track2_screen_0583,track2,no_solution_returned,133,133,133,5.0786436649690948e+01,1.0227127147977251e+01,0,0.0000000000000000e+00,,,,,0,outputs\exports\step83b_track2_screen_0583_stdout.txt,1.0840350461006165e+02,MEASURED_FROM_CODE
step83b_track2_screen_0457,track2,timeout,133,133,133,4.1811136112958422e+01,9.9570763995073079e+00,,,,,,,,outputs\exports\step83b_track2_screen_0457_stdout.txt,1.2031317925453186e+02,MEASURED_FROM_CODE
step83b_track2_screen_0003,track2,timeout,152,152,152,4.2344450020361528e+01,8.1559102599798923e+00,,,,,,,,outputs\exports\step83b_track2_screen_0003_stdout.txt,1.2035075211524963e+02,MEASURED_FROM_CODE
step83b_track2_screen_0805,track2,timeout,133,133,133,4.9678680776963880e+01,8.9388332815955156e+00,,,,,,,,outputs\exports\step83b_track2_screen_0805_stdout.txt,1.2030317234992981e+02,MEASURED_FROM_CODE
step83b_track2_screen_0763,track2,timeout,133,133,133,4.8900327622616125e+01,8.5830023424043507e+00,,,,,,,,outputs\exports\step83b_track2_screen_0763_stdout.txt,1.2031317234039307e+02,MEASURED_FROM_CODE
step83b_track2_screen_0427,track2,timeout,133,133,133,5.0534413004283103e+01,1.0771364641258264e+01,,,,,,,,outputs\exports\step83b_track2_screen_0427_stdout.txt,1.2029463839530945e+02,MEASURED_FROM_CODE
step83b_track2_screen_0636,track2,timeout,152,152,152,4.5573487147484485e+01,1.0400831937116900e+01,,,,,,,,outputs\exports\step83b_track2_screen_0636_stdout.txt,1.2036678266525269e+02,MEASURED_FROM_CODE
step83b_track2_screen_0535,track2,timeout,133,133,133,5.0110447915645437e+01,1.0762524013144199e+01,,,,,,,,outputs\exports\step83b_track2_screen_0535_stdout.txt,1.2032169508934021e+02,MEASURED_FROM_CODE
step83b_track2_screen_0055,track2,timeout,133,133,133,5.0249846490146346e+01,9.7515590016018052e+00,,,,,,,,outputs\exports\step83b_track2_screen_0055_stdout.txt,1.2034019756317139e+02,MEASURED_FROM_CODE
step83b_track2_screen_0919,track2,timeout,133,133,133,5.2745209303716862e+01,8.7008410120882846e+00,,,,,,,,outputs\exports\step83b_track2_screen_0919_stdout.txt,1.2030316686630249e+02,MEASURED_FROM_CODE
step83b_track2_screen_0865,track2,timeout,133,133,133,5.0450180198241583e+01,1.2089635119622528e+01,,,,,,,,outputs\exports\step83b_track2_screen_0865_stdout.txt,1.2037526655197144e+02,MEASURED_FROM_CODE
step83b_track2_screen_0226,track2,timeout,152,152,152,5.3389506545334449e+01,8.4845010780094281e+00,,,,,,,,outputs\exports\step83b_track2_screen_0226_stdout.txt,1.2032061553001404e+02,MEASURED_FROM_CODE
step83b_track2_screen_0349,track2,timeout,133,133,133,5.1029598494969996e+01,7.7148920377866954e+00,,,,,,,,outputs\exports\step83b_track2_screen_0349_stdout.txt,1.2036724114418030e+02,MEASURED_FROM_CODE
step83b_track2_screen_0001,track2,timeout,133,133,133,5.2897237735263758e+01,1.1666125116847494e+01,,,,,,,,outputs\exports\step83b_track2_screen_0001_stdout.txt,1.2033016276359558e+02,MEASURED_FROM_CODE
step83b_track2_screen_0084,track2,timeout,152,152,152,5.1653108734019760e+01,9.5572277003573998e+00,,,,,,,,outputs\exports\step83b_track2_screen_0084_stdout.txt,1.2038628053665161e+02,MEASURED_FROM_CODE
step83b_track2_screen_0241,track2,timeout,133,133,133,5.2816217034234711e+01,8.6402317857471989e+00,,,,,,,,outputs\exports\step83b_track2_screen_0241_stdout.txt,1.2036273789405823e+02,MEASURED_FROM_CODE
step83b_track2_screen_0030,track2,timeout,152,152,152,5.2372857808283172e+01,8.5906273666728747e+00,,,,,,,,outputs\exports\step83b_track2_screen_0030_stdout.txt,1.2041389393806458e+02,MEASURED_FROM_CODE
step83b_track2_screen_0808,track2,timeout,152,152,152,5.2817275010596305e+01,9.0772841982811308e+00,,,,,,,,outputs\exports\step83b_track2_screen_0808_stdout.txt,1.2039532780647278e+02,MEASURED_FROM_CODE
step83b_track2_screen_0031,track2,timeout,133,133,133,5.4644024976278196e+01,7.3979304105832373e+00,,,,,,,,outputs\exports\step83b_track2_screen_0031_stdout.txt,1.2042440724372864e+02,MEASURED_FROM_CODE
