remaining_fiber_count,remaining_fibers,orbit_representative,row_profile,col_profile,is_rectangle,flattening_rank_A_BC,flattening_rank_B_AC,flattening_rank_C_AB,flattening_rank_max,available_spreaders_R19,available_spreaders_R20,available_spreaders_R21,available_spreaders_R22,available_spreaders_R23,flattening_rules_out_R19,flattening_rules_out_R20,flattening_rules_out_R21,flattening_rules_out_R22,flattening_rules_out_R23,exact_rank_if_known,exact_rank_source,exact_rank_rules_out_R19,exact_rank_rules_out_R20,exact_rank_rules_out_R21,exact_rank_rules_out_R22,exact_rank_rules_out_R23,provenance
1,"(0,0)","(0,0)","1,0,0","1,0,0",True,3,3,1,3,-5,-4,-3,-2,-1,True,True,True,True,True,3,"known_exact_rank_<1,3,1>",True,True,True,True,True,EXACT_DERIVED
1,"(0,1)","(0,0)","1,0,0","1,0,0",True,3,3,1,3,-5,-4,-3,-2,-1,True,True,True,True,True,3,"known_exact_rank_<1,3,1>",True,True,True,True,True,EXACT_DERIVED
1,"(0,2)","(0,0)","1,0,0","1,0,0",True,3,3,1,3,-5,-4,-3,-2,-1,True,True,True,True,True,3,"known_exact_rank_<1,3,1>",True,True,True,True,True,EXACT_DERIVED
1,"(1,0)","(0,0)","1,0,0","1,0,0",True,3,3,1,3,-5,-4,-3,-2,-1,True,True,True,True,True,3,"known_exact_rank_<1,3,1>",True,True,True,True,True,EXACT_DERIVED
1,"(1,1)","(0,0)","1,0,0","1,0,0",True,3,3,1,3,-5,-4,-3,-2,-1,True,True,True,True,True,3,"known_exact_rank_<1,3,1>",True,True,True,True,True,EXACT_DERIVED
1,"(1,2)","(0,0)","1,0,0","1,0,0",True,3,3,1,3,-5,-4,-3,-2,-1,True,True,True,True,True,3,"known_exact_rank_<1,3,1>",True,True,True,True,True,EXACT_DERIVED
1,"(2,0)","(0,0)","1,0,0","1,0,0",True,3,3,1,3,-5,-4,-3,-2,-1,True,True,True,True,True,3,"known_exact_rank_<1,3,1>",True,True,True,True,True,EXACT_DERIVED
1,"(2,1)","(0,0)","1,0,0","1,0,0",True,3,3,1,3,-5,-4,-3,-2,-1,True,True,True,True,True,3,"known_exact_rank_<1,3,1>",True,True,True,True,True,EXACT_DERIVED
1,"(2,2)","(0,0)","1,0,0","1,0,0",True,3,3,1,3,-5,-4,-3,-2,-1,True,True,True,True,True,3,"known_exact_rank_<1,3,1>",True,True,True,True,True,EXACT_DERIVED
2,"(0,0); (0,1)","(0,0); (0,1)","2,0,0","1,1,0",True,3,6,2,6,-2,-1,0,1,2,True,True,True,True,True,6,"known_exact_rank_<1,3,2>",True,True,True,True,True,EXACT_DERIVED
2,"(0,0); (0,2)","(0,0); (0,1)","2,0,0","1,1,0",True,3,6,2,6,-2,-1,0,1,2,True,True,True,True,True,6,"known_exact_rank_<1,3,2>",True,True,True,True,True,EXACT_DERIVED
2,"(0,0); (1,0)","(0,0); (1,0)","1,1,0","2,0,0",True,6,3,2,6,-2,-1,0,1,2,True,True,True,True,True,6,"known_exact_rank_<2,3,1>",True,True,True,True,True,EXACT_DERIVED
2,"(0,0); (1,1)","(0,0); (1,1)","1,1,0","1,1,0",False,6,6,2,6,-2,-1,0,1,2,True,True,True,True,True,,,False,False,False,False,False,EXACT_DERIVED
2,"(0,0); (1,2)","(0,0); (1,1)","1,1,0","1,1,0",False,6,6,2,6,-2,-1,0,1,2,True,True,True,True,True,,,False,False,False,False,False,EXACT_DERIVED
2,"(0,0); (2,0)","(0,0); (1,0)","1,1,0","2,0,0",True,6,3,2,6,-2,-1,0,1,2,True,True,True,True,True,6,"known_exact_rank_<2,3,1>",True,True,True,True,True,EXACT_DERIVED
2,"(0,0); (2,1)","(0,0); (1,1)","1,1,0","1,1,0",False,6,6,2,6,-2,-1,0,1,2,True,True,True,True,True,,,False,False,False,False,False,EXACT_DERIVED
2,"(0,0); (2,2)","(0,0); (1,1)","1,1,0","1,1,0",False,6,6,2,6,-2,-1,0,1,2,True,True,True,True,True,,,False,False,False,False,False,EXACT_DERIVED
2,"(0,1); (0,2)","(0,0); (0,1)","2,0,0","1,1,0",True,3,6,2,6,-2,-1,0,1,2,True,True,True,True,True,6,"known_exact_rank_<1,3,2>",True,True,True,True,True,EXACT_DERIVED
2,"(0,1); (1,0)","(0,0); (1,1)","1,1,0","1,1,0",False,6,6,2,6,-2,-1,0,1,2,True,True,True,True,True,,,False,False,False,False,False,EXACT_DERIVED
2,"(0,1); (1,1)","(0,0); (1,0)","1,1,0","2,0,0",True,6,3,2,6,-2,-1,0,1,2,True,True,True,True,True,6,"known_exact_rank_<2,3,1>",True,True,True,True,True,EXACT_DERIVED
2,"(0,1); (1,2)","(0,0); (1,1)","1,1,0","1,1,0",False,6,6,2,6,-2,-1,0,1,2,True,True,True,True,True,,,False,False,False,False,False,EXACT_DERIVED
2,"(0,1); (2,0)","(0,0); (1,1)","1,1,0","1,1,0",False,6,6,2,6,-2,-1,0,1,2,True,True,True,True,True,,,False,False,False,False,False,EXACT_DERIVED
2,"(0,1); (2,1)","(0,0); (1,0)","1,1,0","2,0,0",True,6,3,2,6,-2,-1,0,1,2,True,True,True,True,True,6,"known_exact_rank_<2,3,1>",True,True,True,True,True,EXACT_DERIVED
2,"(0,1); (2,2)","(0,0); (1,1)","1,1,0","1,1,0",False,6,6,2,6,-2,-1,0,1,2,True,True,True,True,True,,,False,False,False,False,False,EXACT_DERIVED
2,"(0,2); (1,0)","(0,0); (1,1)","1,1,0","1,1,0",False,6,6,2,6,-2,-1,0,1,2,True,True,True,True,True,,,False,False,False,False,False,EXACT_DERIVED
2,"(0,2); (1,1)","(0,0); (1,1)","1,1,0","1,1,0",False,6,6,2,6,-2,-1,0,1,2,True,True,True,True,True,,,False,False,False,False,False,EXACT_DERIVED
2,"(0,2); (1,2)","(0,0); (1,0)","1,1,0","2,0,0",True,6,3,2,6,-2,-1,0,1,2,True,True,True,True,True,6,"known_exact_rank_<2,3,1>",True,True,True,True,True,EXACT_DERIVED
2,"(0,2); (2,0)","(0,0); (1,1)","1,1,0","1,1,0",False,6,6,2,6,-2,-1,0,1,2,True,True,True,True,True,,,False,False,False,False,False,EXACT_DERIVED
2,"(0,2); (2,1)","(0,0); (1,1)","1,1,0","1,1,0",False,6,6,2,6,-2,-1,0,1,2,True,True,True,True,True,,,False,False,False,False,False,EXACT_DERIVED
2,"(0,2); (2,2)","(0,0); (1,0)","1,1,0","2,0,0",True,6,3,2,6,-2,-1,0,1,2,True,True,True,True,True,6,"known_exact_rank_<2,3,1>",True,True,True,True,True,EXACT_DERIVED
2,"(1,0); (1,1)","(0,0); (0,1)","2,0,0","1,1,0",True,3,6,2,6,-2,-1,0,1,2,True,True,True,True,True,6,"known_exact_rank_<1,3,2>",True,True,True,True,True,EXACT_DERIVED
2,"(1,0); (1,2)","(0,0); (0,1)","2,0,0","1,1,0",True,3,6,2,6,-2,-1,0,1,2,True,True,True,True,True,6,"known_exact_rank_<1,3,2>",True,True,True,True,True,EXACT_DERIVED
2,"(1,0); (2,0)","(0,0); (1,0)","1,1,0","2,0,0",True,6,3,2,6,-2,-1,0,1,2,True,True,True,True,True,6,"known_exact_rank_<2,3,1>",True,True,True,True,True,EXACT_DERIVED
2,"(1,0); (2,1)","(0,0); (1,1)","1,1,0","1,1,0",False,6,6,2,6,-2,-1,0,1,2,True,True,True,True,True,,,False,False,False,False,False,EXACT_DERIVED
2,"(1,0); (2,2)","(0,0); (1,1)","1,1,0","1,1,0",False,6,6,2,6,-2,-1,0,1,2,True,True,True,True,True,,,False,False,False,False,False,EXACT_DERIVED
2,"(1,1); (1,2)","(0,0); (0,1)","2,0,0","1,1,0",True,3,6,2,6,-2,-1,0,1,2,True,True,True,True,True,6,"known_exact_rank_<1,3,2>",True,True,True,True,True,EXACT_DERIVED
2,"(1,1); (2,0)","(0,0); (1,1)","1,1,0","1,1,0",False,6,6,2,6,-2,-1,0,1,2,True,True,True,True,True,,,False,False,False,False,False,EXACT_DERIVED
2,"(1,1); (2,1)","(0,0); (1,0)","1,1,0","2,0,0",True,6,3,2,6,-2,-1,0,1,2,True,True,True,True,True,6,"known_exact_rank_<2,3,1>",True,True,True,True,True,EXACT_DERIVED
2,"(1,1); (2,2)","(0,0); (1,1)","1,1,0","1,1,0",False,6,6,2,6,-2,-1,0,1,2,True,True,True,True,True,,,False,False,False,False,False,EXACT_DERIVED
2,"(1,2); (2,0)","(0,0); (1,1)","1,1,0","1,1,0",False,6,6,2,6,-2,-1,0,1,2,True,True,True,True,True,,,False,False,False,False,False,EXACT_DERIVED
2,"(1,2); (2,1)","(0,0); (1,1)","1,1,0","1,1,0",False,6,6,2,6,-2,-1,0,1,2,True,True,True,True,True,,,False,False,False,False,False,EXACT_DERIVED
2,"(1,2); (2,2)","(0,0); (1,0)","1,1,0","2,0,0",True,6,3,2,6,-2,-1,0,1,2,True,True,True,True,True,6,"known_exact_rank_<2,3,1>",True,True,True,True,True,EXACT_DERIVED
2,"(2,0); (2,1)","(0,0); (0,1)","2,0,0","1,1,0",True,3,6,2,6,-2,-1,0,1,2,True,True,True,True,True,6,"known_exact_rank_<1,3,2>",True,True,True,True,True,EXACT_DERIVED
2,"(2,0); (2,2)","(0,0); (0,1)","2,0,0","1,1,0",True,3,6,2,6,-2,-1,0,1,2,True,True,True,True,True,6,"known_exact_rank_<1,3,2>",True,True,True,True,True,EXACT_DERIVED
2,"(2,1); (2,2)","(0,0); (0,1)","2,0,0","1,1,0",True,3,6,2,6,-2,-1,0,1,2,True,True,True,True,True,6,"known_exact_rank_<1,3,2>",True,True,True,True,True,EXACT_DERIVED
3,"(0,0); (0,1); (0,2)","(0,0); (0,1); (0,2)","3,0,0","1,1,1",True,3,9,3,9,1,2,3,4,5,True,True,True,True,True,9,"known_exact_rank_<1,3,3>",True,True,True,True,True,EXACT_DERIVED
3,"(0,0); (0,1); (1,0)","(0,0); (0,1); (1,0)","2,1,0","2,1,0",False,6,6,3,6,1,2,3,4,5,True,True,True,True,True,,,False,False,False,False,False,EXACT_DERIVED
3,"(0,0); (0,1); (1,1)","(0,0); (0,1); (1,0)","2,1,0","2,1,0",False,6,6,3,6,1,2,3,4,5,True,True,True,True,True,,,False,False,False,False,False,EXACT_DERIVED
3,"(0,0); (0,1); (1,2)","(0,0); (0,1); (1,2)","2,1,0","1,1,1",False,6,9,3,9,1,2,3,4,5,True,True,True,True,True,,,False,False,False,False,False,EXACT_DERIVED
3,"(0,0); (0,1); (2,0)","(0,0); (0,1); (1,0)","2,1,0","2,1,0",False,6,6,3,6,1,2,3,4,5,True,True,True,True,True,,,False,False,False,False,False,EXACT_DERIVED
3,"(0,0); (0,1); (2,1)","(0,0); (0,1); (1,0)","2,1,0","2,1,0",False,6,6,3,6,1,2,3,4,5,True,True,True,True,True,,,False,False,False,False,False,EXACT_DERIVED
3,"(0,0); (0,1); (2,2)","(0,0); (0,1); (1,2)","2,1,0","1,1,1",False,6,9,3,9,1,2,3,4,5,True,True,True,True,True,,,False,False,False,False,False,EXACT_DERIVED
3,"(0,0); (0,2); (1,0)","(0,0); (0,1); (1,0)","2,1,0","2,1,0",False,6,6,3,6,1,2,3,4,5,True,True,True,True,True,,,False,False,False,False,False,EXACT_DERIVED
3,"(0,0); (0,2); (1,1)","(0,0); (0,1); (1,2)","2,1,0","1,1,1",False,6,9,3,9,1,2,3,4,5,True,True,True,True,True,,,False,False,False,False,False,EXACT_DERIVED
3,"(0,0); (0,2); (1,2)","(0,0); (0,1); (1,0)","2,1,0","2,1,0",False,6,6,3,6,1,2,3,4,5,True,True,True,True,True,,,False,False,False,False,False,EXACT_DERIVED
3,"(0,0); (0,2); (2,0)","(0,0); (0,1); (1,0)","2,1,0","2,1,0",False,6,6,3,6,1,2,3,4,5,True,True,True,True,True,,,False,False,False,False,False,EXACT_DERIVED
3,"(0,0); (0,2); (2,1)","(0,0); (0,1); (1,2)","2,1,0","1,1,1",False,6,9,3,9,1,2,3,4,5,True,True,True,True,True,,,False,False,False,False,False,EXACT_DERIVED
3,"(0,0); (0,2); (2,2)","(0,0); (0,1); (1,0)","2,1,0","2,1,0",False,6,6,3,6,1,2,3,4,5,True,True,True,True,True,,,False,False,False,False,False,EXACT_DERIVED
3,"(0,0); (1,0); (1,1)","(0,0); (0,1); (1,0)","2,1,0","2,1,0",False,6,6,3,6,1,2,3,4,5,True,True,True,True,True,,,False,False,False,False,False,EXACT_DERIVED
3,"(0,0); (1,0); (1,2)","(0,0); (0,1); (1,0)","2,1,0","2,1,0",False,6,6,3,6,1,2,3,4,5,True,True,True,True,True,,,False,False,False,False,False,EXACT_DERIVED
3,"(0,0); (1,0); (2,0)","(0,0); (1,0); (2,0)","1,1,1","3,0,0",True,9,3,3,9,1,2,3,4,5,True,True,True,True,True,9,"known_exact_rank_<3,3,1>",True,True,True,True,True,EXACT_DERIVED
3,"(0,0); (1,0); (2,1)","(0,0); (1,0); (2,1)","1,1,1","2,1,0",False,9,6,3,9,1,2,3,4,5,True,True,True,True,True,,,False,False,False,False,False,EXACT_DERIVED
3,"(0,0); (1,0); (2,2)","(0,0); (1,0); (2,1)","1,1,1","2,1,0",False,9,6,3,9,1,2,3,4,5,True,True,True,True,True,,,False,False,False,False,False,EXACT_DERIVED
3,"(0,0); (1,1); (1,2)","(0,0); (0,1); (1,2)","2,1,0","1,1,1",False,6,9,3,9,1,2,3,4,5,True,True,True,True,True,,,False,False,False,False,False,EXACT_DERIVED
3,"(0,0); (1,1); (2,0)","(0,0); (1,0); (2,1)","1,1,1","2,1,0",False,9,6,3,9,1,2,3,4,5,True,True,True,True,True,,,False,False,False,False,False,EXACT_DERIVED
3,"(0,0); (1,1); (2,1)","(0,0); (1,0); (2,1)","1,1,1","2,1,0",False,9,6,3,9,1,2,3,4,5,True,True,True,True,True,,,False,False,False,False,False,EXACT_DERIVED
3,"(0,0); (1,1); (2,2)","(0,0); (1,1); (2,2)","1,1,1","1,1,1",False,9,9,3,9,1,2,3,4,5,True,True,True,True,True,,,False,False,False,False,False,EXACT_DERIVED
3,"(0,0); (1,2); (2,0)","(0,0); (1,0); (2,1)","1,1,1","2,1,0",False,9,6,3,9,1,2,3,4,5,True,True,True,True,True,,,False,False,False,False,False,EXACT_DERIVED
3,"(0,0); (1,2); (2,1)","(0,0); (1,1); (2,2)","1,1,1","1,1,1",False,9,9,3,9,1,2,3,4,5,True,True,True,True,True,,,False,False,False,False,False,EXACT_DERIVED
3,"(0,0); (1,2); (2,2)","(0,0); (1,0); (2,1)","1,1,1","2,1,0",False,9,6,3,9,1,2,3,4,5,True,True,True,True,True,,,False,False,False,False,False,EXACT_DERIVED
3,"(0,0); (2,0); (2,1)","(0,0); (0,1); (1,0)","2,1,0","2,1,0",False,6,6,3,6,1,2,3,4,5,True,True,True,True,True,,,False,False,False,False,False,EXACT_DERIVED
3,"(0,0); (2,0); (2,2)","(0,0); (0,1); (1,0)","2,1,0","2,1,0",False,6,6,3,6,1,2,3,4,5,True,True,True,True,True,,,False,False,False,False,False,EXACT_DERIVED
3,"(0,0); (2,1); (2,2)","(0,0); (0,1); (1,2)","2,1,0","1,1,1",False,6,9,3,9,1,2,3,4,5,True,True,True,True,True,,,False,False,False,False,False,EXACT_DERIVED
3,"(0,1); (0,2); (1,0)","(0,0); (0,1); (1,2)","2,1,0","1,1,1",False,6,9,3,9,1,2,3,4,5,True,True,True,True,True,,,False,False,False,False,False,EXACT_DERIVED
3,"(0,1); (0,2); (1,1)","(0,0); (0,1); (1,0)","2,1,0","2,1,0",False,6,6,3,6,1,2,3,4,5,True,True,True,True,True,,,False,False,False,False,False,EXACT_DERIVED
3,"(0,1); (0,2); (1,2)","(0,0); (0,1); (1,0)","2,1,0","2,1,0",False,6,6,3,6,1,2,3,4,5,True,True,True,True,True,,,False,False,False,False,False,EXACT_DERIVED
3,"(0,1); (0,2); (2,0)","(0,0); (0,1); (1,2)","2,1,0","1,1,1",False,6,9,3,9,1,2,3,4,5,True,True,True,True,True,,,False,False,False,False,False,EXACT_DERIVED
3,"(0,1); (0,2); (2,1)","(0,0); (0,1); (1,0)","2,1,0","2,1,0",False,6,6,3,6,1,2,3,4,5,True,True,True,True,True,,,False,False,False,False,False,EXACT_DERIVED
3,"(0,1); (0,2); (2,2)","(0,0); (0,1); (1,0)","2,1,0","2,1,0",False,6,6,3,6,1,2,3,4,5,True,True,True,True,True,,,False,False,False,False,False,EXACT_DERIVED
3,"(0,1); (1,0); (1,1)","(0,0); (0,1); (1,0)","2,1,0","2,1,0",False,6,6,3,6,1,2,3,4,5,True,True,True,True,True,,,False,False,False,False,False,EXACT_DERIVED
3,"(0,1); (1,0); (1,2)","(0,0); (0,1); (1,2)","2,1,0","1,1,1",False,6,9,3,9,1,2,3,4,5,True,True,True,True,True,,,False,False,False,False,False,EXACT_DERIVED
3,"(0,1); (1,0); (2,0)","(0,0); (1,0); (2,1)","1,1,1","2,1,0",False,9,6,3,9,1,2,3,4,5,True,True,True,True,True,,,False,False,False,False,False,EXACT_DERIVED
3,"(0,1); (1,0); (2,1)","(0,0); (1,0); (2,1)","1,1,1","2,1,0",False,9,6,3,9,1,2,3,4,5,True,True,True,True,True,,,False,False,False,False,False,EXACT_DERIVED
3,"(0,1); (1,0); (2,2)","(0,0); (1,1); (2,2)","1,1,1","1,1,1",False,9,9,3,9,1,2,3,4,5,True,True,True,True,True,,,False,False,False,False,False,EXACT_DERIVED
3,"(0,1); (1,1); (1,2)","(0,0); (0,1); (1,0)","2,1,0","2,1,0",False,6,6,3,6,1,2,3,4,5,True,True,True,True,True,,,False,False,False,False,False,EXACT_DERIVED
3,"(0,1); (1,1); (2,0)","(0,0); (1,0); (2,1)","1,1,1","2,1,0",False,9,6,3,9,1,2,3,4,5,True,True,True,True,True,,,False,False,False,False,False,EXACT_DERIVED
3,"(0,1); (1,1); (2,1)","(0,0); (1,0); (2,0)","1,1,1","3,0,0",True,9,3,3,9,1,2,3,4,5,True,True,True,True,True,9,"known_exact_rank_<3,3,1>",True,True,True,True,True,EXACT_DERIVED
3,"(0,1); (1,1); (2,2)","(0,0); (1,0); (2,1)","1,1,1","2,1,0",False,9,6,3,9,1,2,3,4,5,True,True,True,True,True,,,False,False,False,False,False,EXACT_DERIVED
3,"(0,1); (1,2); (2,0)","(0,0); (1,1); (2,2)","1,1,1","1,1,1",False,9,9,3,9,1,2,3,4,5,True,True,True,True,True,,,False,False,False,False,False,EXACT_DERIVED
3,"(0,1); (1,2); (2,1)","(0,0); (1,0); (2,1)","1,1,1","2,1,0",False,9,6,3,9,1,2,3,4,5,True,True,True,True,True,,,False,False,False,False,False,EXACT_DERIVED
3,"(0,1); (1,2); (2,2)","(0,0); (1,0); (2,1)","1,1,1","2,1,0",False,9,6,3,9,1,2,3,4,5,True,True,True,True,True,,,False,False,False,False,False,EXACT_DERIVED
3,"(0,1); (2,0); (2,1)","(0,0); (0,1); (1,0)","2,1,0","2,1,0",False,6,6,3,6,1,2,3,4,5,True,True,True,True,True,,,False,False,False,False,False,EXACT_DERIVED
3,"(0,1); (2,0); (2,2)","(0,0); (0,1); (1,2)","2,1,0","1,1,1",False,6,9,3,9,1,2,3,4,5,True,True,True,True,True,,,False,False,False,False,False,EXACT_DERIVED
3,"(0,1); (2,1); (2,2)","(0,0); (0,1); (1,0)","2,1,0","2,1,0",False,6,6,3,6,1,2,3,4,5,True,True,True,True,True,,,False,False,False,False,False,EXACT_DERIVED
3,"(0,2); (1,0); (1,1)","(0,0); (0,1); (1,2)","2,1,0","1,1,1",False,6,9,3,9,1,2,3,4,5,True,True,True,True,True,,,False,False,False,False,False,EXACT_DERIVED
3,"(0,2); (1,0); (1,2)","(0,0); (0,1); (1,0)","2,1,0","2,1,0",False,6,6,3,6,1,2,3,4,5,True,True,True,True,True,,,False,False,False,False,False,EXACT_DERIVED
3,"(0,2); (1,0); (2,0)","(0,0); (1,0); (2,1)","1,1,1","2,1,0",False,9,6,3,9,1,2,3,4,5,True,True,True,True,True,,,False,False,False,False,False,EXACT_DERIVED
3,"(0,2); (1,0); (2,1)","(0,0); (1,1); (2,2)","1,1,1","1,1,1",False,9,9,3,9,1,2,3,4,5,True,True,True,True,True,,,False,False,False,False,False,EXACT_DERIVED
3,"(0,2); (1,0); (2,2)","(0,0); (1,0); (2,1)","1,1,1","2,1,0",False,9,6,3,9,1,2,3,4,5,True,True,True,True,True,,,False,False,False,False,False,EXACT_DERIVED
3,"(0,2); (1,1); (1,2)","(0,0); (0,1); (1,0)","2,1,0","2,1,0",False,6,6,3,6,1,2,3,4,5,True,True,True,True,True,,,False,False,False,False,False,EXACT_DERIVED
3,"(0,2); (1,1); (2,0)","(0,0); (1,1); (2,2)","1,1,1","1,1,1",False,9,9,3,9,1,2,3,4,5,True,True,True,True,True,,,False,False,False,False,False,EXACT_DERIVED
3,"(0,2); (1,1); (2,1)","(0,0); (1,0); (2,1)","1,1,1","2,1,0",False,9,6,3,9,1,2,3,4,5,True,True,True,True,True,,,False,False,False,False,False,EXACT_DERIVED
3,"(0,2); (1,1); (2,2)","(0,0); (1,0); (2,1)","1,1,1","2,1,0",False,9,6,3,9,1,2,3,4,5,True,True,True,True,True,,,False,False,False,False,False,EXACT_DERIVED
3,"(0,2); (1,2); (2,0)","(0,0); (1,0); (2,1)","1,1,1","2,1,0",False,9,6,3,9,1,2,3,4,5,True,True,True,True,True,,,False,False,False,False,False,EXACT_DERIVED
3,"(0,2); (1,2); (2,1)","(0,0); (1,0); (2,1)","1,1,1","2,1,0",False,9,6,3,9,1,2,3,4,5,True,True,True,True,True,,,False,False,False,False,False,EXACT_DERIVED
3,"(0,2); (1,2); (2,2)","(0,0); (1,0); (2,0)","1,1,1","3,0,0",True,9,3,3,9,1,2,3,4,5,True,True,True,True,True,9,"known_exact_rank_<3,3,1>",True,True,True,True,True,EXACT_DERIVED
3,"(0,2); (2,0); (2,1)","(0,0); (0,1); (1,2)","2,1,0","1,1,1",False,6,9,3,9,1,2,3,4,5,True,True,True,True,True,,,False,False,False,False,False,EXACT_DERIVED
3,"(0,2); (2,0); (2,2)","(0,0); (0,1); (1,0)","2,1,0","2,1,0",False,6,6,3,6,1,2,3,4,5,True,True,True,True,True,,,False,False,False,False,False,EXACT_DERIVED
3,"(0,2); (2,1); (2,2)","(0,0); (0,1); (1,0)","2,1,0","2,1,0",False,6,6,3,6,1,2,3,4,5,True,True,True,True,True,,,False,False,False,False,False,EXACT_DERIVED
3,"(1,0); (1,1); (1,2)","(0,0); (0,1); (0,2)","3,0,0","1,1,1",True,3,9,3,9,1,2,3,4,5,True,True,True,True,True,9,"known_exact_rank_<1,3,3>",True,True,True,True,True,EXACT_DERIVED
3,"(1,0); (1,1); (2,0)","(0,0); (0,1); (1,0)","2,1,0","2,1,0",False,6,6,3,6,1,2,3,4,5,True,True,True,True,True,,,False,False,False,False,False,EXACT_DERIVED
3,"(1,0); (1,1); (2,1)","(0,0); (0,1); (1,0)","2,1,0","2,1,0",False,6,6,3,6,1,2,3,4,5,True,True,True,True,True,,,False,False,False,False,False,EXACT_DERIVED
3,"(1,0); (1,1); (2,2)","(0,0); (0,1); (1,2)","2,1,0","1,1,1",False,6,9,3,9,1,2,3,4,5,True,True,True,True,True,,,False,False,False,False,False,EXACT_DERIVED
3,"(1,0); (1,2); (2,0)","(0,0); (0,1); (1,0)","2,1,0","2,1,0",False,6,6,3,6,1,2,3,4,5,True,True,True,True,True,,,False,False,False,False,False,EXACT_DERIVED
3,"(1,0); (1,2); (2,1)","(0,0); (0,1); (1,2)","2,1,0","1,1,1",False,6,9,3,9,1,2,3,4,5,True,True,True,True,True,,,False,False,False,False,False,EXACT_DERIVED
3,"(1,0); (1,2); (2,2)","(0,0); (0,1); (1,0)","2,1,0","2,1,0",False,6,6,3,6,1,2,3,4,5,True,True,True,True,True,,,False,False,False,False,False,EXACT_DERIVED
3,"(1,0); (2,0); (2,1)","(0,0); (0,1); (1,0)","2,1,0","2,1,0",False,6,6,3,6,1,2,3,4,5,True,True,True,True,True,,,False,False,False,False,False,EXACT_DERIVED
3,"(1,0); (2,0); (2,2)","(0,0); (0,1); (1,0)","2,1,0","2,1,0",False,6,6,3,6,1,2,3,4,5,True,True,True,True,True,,,False,False,False,False,False,EXACT_DERIVED
3,"(1,0); (2,1); (2,2)","(0,0); (0,1); (1,2)","2,1,0","1,1,1",False,6,9,3,9,1,2,3,4,5,True,True,True,True,True,,,False,False,False,False,False,EXACT_DERIVED
3,"(1,1); (1,2); (2,0)","(0,0); (0,1); (1,2)","2,1,0","1,1,1",False,6,9,3,9,1,2,3,4,5,True,True,True,True,True,,,False,False,False,False,False,EXACT_DERIVED
3,"(1,1); (1,2); (2,1)","(0,0); (0,1); (1,0)","2,1,0","2,1,0",False,6,6,3,6,1,2,3,4,5,True,True,True,True,True,,,False,False,False,False,False,EXACT_DERIVED
3,"(1,1); (1,2); (2,2)","(0,0); (0,1); (1,0)","2,1,0","2,1,0",False,6,6,3,6,1,2,3,4,5,True,True,True,True,True,,,False,False,False,False,False,EXACT_DERIVED
3,"(1,1); (2,0); (2,1)","(0,0); (0,1); (1,0)","2,1,0","2,1,0",False,6,6,3,6,1,2,3,4,5,True,True,True,True,True,,,False,False,False,False,False,EXACT_DERIVED
3,"(1,1); (2,0); (2,2)","(0,0); (0,1); (1,2)","2,1,0","1,1,1",False,6,9,3,9,1,2,3,4,5,True,True,True,True,True,,,False,False,False,False,False,EXACT_DERIVED
3,"(1,1); (2,1); (2,2)","(0,0); (0,1); (1,0)","2,1,0","2,1,0",False,6,6,3,6,1,2,3,4,5,True,True,True,True,True,,,False,False,False,False,False,EXACT_DERIVED
3,"(1,2); (2,0); (2,1)","(0,0); (0,1); (1,2)","2,1,0","1,1,1",False,6,9,3,9,1,2,3,4,5,True,True,True,True,True,,,False,False,False,False,False,EXACT_DERIVED
3,"(1,2); (2,0); (2,2)","(0,0); (0,1); (1,0)","2,1,0","2,1,0",False,6,6,3,6,1,2,3,4,5,True,True,True,True,True,,,False,False,False,False,False,EXACT_DERIVED
3,"(1,2); (2,1); (2,2)","(0,0); (0,1); (1,0)","2,1,0","2,1,0",False,6,6,3,6,1,2,3,4,5,True,True,True,True,True,,,False,False,False,False,False,EXACT_DERIVED
3,"(2,0); (2,1); (2,2)","(0,0); (0,1); (0,2)","3,0,0","1,1,1",True,3,9,3,9,1,2,3,4,5,True,True,True,True,True,9,"known_exact_rank_<1,3,3>",True,True,True,True,True,EXACT_DERIVED
4,"(0,0); (0,1); (0,2); (1,0)","(0,0); (0,1); (0,2); (1,0)","3,1,0","2,1,1",False,6,9,4,9,4,5,6,7,8,True,True,True,True,True,,,False,False,False,False,False,EXACT_DERIVED
4,"(0,0); (0,1); (0,2); (1,1)","(0,0); (0,1); (0,2); (1,0)","3,1,0","2,1,1",False,6,9,4,9,4,5,6,7,8,True,True,True,True,True,,,False,False,False,False,False,EXACT_DERIVED
4,"(0,0); (0,1); (0,2); (1,2)","(0,0); (0,1); (0,2); (1,0)","3,1,0","2,1,1",False,6,9,4,9,4,5,6,7,8,True,True,True,True,True,,,False,False,False,False,False,EXACT_DERIVED
4,"(0,0); (0,1); (0,2); (2,0)","(0,0); (0,1); (0,2); (1,0)","3,1,0","2,1,1",False,6,9,4,9,4,5,6,7,8,True,True,True,True,True,,,False,False,False,False,False,EXACT_DERIVED
4,"(0,0); (0,1); (0,2); (2,1)","(0,0); (0,1); (0,2); (1,0)","3,1,0","2,1,1",False,6,9,4,9,4,5,6,7,8,True,True,True,True,True,,,False,False,False,False,False,EXACT_DERIVED
4,"(0,0); (0,1); (0,2); (2,2)","(0,0); (0,1); (0,2); (1,0)","3,1,0","2,1,1",False,6,9,4,9,4,5,6,7,8,True,True,True,True,True,,,False,False,False,False,False,EXACT_DERIVED
4,"(0,0); (0,1); (1,0); (1,1)","(0,0); (0,1); (1,0); (1,1)","2,2,0","2,2,0",True,6,6,4,6,4,5,6,7,8,True,True,False,False,False,11,"known_exact_rank_<2,3,2>",True,True,True,True,True,EXACT_DERIVED
4,"(0,0); (0,1); (1,0); (1,2)","(0,0); (0,1); (1,0); (1,2)","2,2,0","2,1,1",False,6,9,4,9,4,5,6,7,8,True,True,True,True,True,,,False,False,False,False,False,EXACT_DERIVED
4,"(0,0); (0,1); (1,0); (2,0)","(0,0); (0,1); (1,0); (2,0)","2,1,1","3,1,0",False,9,6,4,9,4,5,6,7,8,True,True,True,True,True,,,False,False,False,False,False,EXACT_DERIVED
4,"(0,0); (0,1); (1,0); (2,1)","(0,0); (0,1); (1,0); (2,1)","2,1,1","2,2,0",False,9,6,4,9,4,5,6,7,8,True,True,True,True,True,,,False,False,False,False,False,EXACT_DERIVED
4,"(0,0); (0,1); (1,0); (2,2)","(0,0); (0,1); (1,0); (2,2)","2,1,1","2,1,1",False,9,9,4,9,4,5,6,7,8,True,True,True,True,True,,,False,False,False,False,False,EXACT_DERIVED
4,"(0,0); (0,1); (1,1); (1,2)","(0,0); (0,1); (1,0); (1,2)","2,2,0","2,1,1",False,6,9,4,9,4,5,6,7,8,True,True,True,True,True,,,False,False,False,False,False,EXACT_DERIVED
4,"(0,0); (0,1); (1,1); (2,0)","(0,0); (0,1); (1,0); (2,1)","2,1,1","2,2,0",False,9,6,4,9,4,5,6,7,8,True,True,True,True,True,,,False,False,False,False,False,EXACT_DERIVED
4,"(0,0); (0,1); (1,1); (2,1)","(0,0); (0,1); (1,0); (2,0)","2,1,1","3,1,0",False,9,6,4,9,4,5,6,7,8,True,True,True,True,True,,,False,False,False,False,False,EXACT_DERIVED
4,"(0,0); (0,1); (1,1); (2,2)","(0,0); (0,1); (1,0); (2,2)","2,1,1","2,1,1",False,9,9,4,9,4,5,6,7,8,True,True,True,True,True,,,False,False,False,False,False,EXACT_DERIVED
4,"(0,0); (0,1); (1,2); (2,0)","(0,0); (0,1); (1,0); (2,2)","2,1,1","2,1,1",False,9,9,4,9,4,5,6,7,8,True,True,True,True,True,,,False,False,False,False,False,EXACT_DERIVED
4,"(0,0); (0,1); (1,2); (2,1)","(0,0); (0,1); (1,0); (2,2)","2,1,1","2,1,1",False,9,9,4,9,4,5,6,7,8,True,True,True,True,True,,,False,False,False,False,False,EXACT_DERIVED
4,"(0,0); (0,1); (1,2); (2,2)","(0,0); (0,1); (1,2); (2,2)","2,1,1","2,1,1",False,9,9,4,9,4,5,6,7,8,True,True,True,True,True,,,False,False,False,False,False,EXACT_DERIVED
4,"(0,0); (0,1); (2,0); (2,1)","(0,0); (0,1); (1,0); (1,1)","2,2,0","2,2,0",True,6,6,4,6,4,5,6,7,8,True,True,False,False,False,11,"known_exact_rank_<2,3,2>",True,True,True,True,True,EXACT_DERIVED
4,"(0,0); (0,1); (2,0); (2,2)","(0,0); (0,1); (1,0); (1,2)","2,2,0","2,1,1",False,6,9,4,9,4,5,6,7,8,True,True,True,True,True,,,False,False,False,False,False,EXACT_DERIVED
4,"(0,0); (0,1); (2,1); (2,2)","(0,0); (0,1); (1,0); (1,2)","2,2,0","2,1,1",False,6,9,4,9,4,5,6,7,8,True,True,True,True,True,,,False,False,False,False,False,EXACT_DERIVED
4,"(0,0); (0,2); (1,0); (1,1)","(0,0); (0,1); (1,0); (1,2)","2,2,0","2,1,1",False,6,9,4,9,4,5,6,7,8,True,True,True,True,True,,,False,False,False,False,False,EXACT_DERIVED
4,"(0,0); (0,2); (1,0); (1,2)","(0,0); (0,1); (1,0); (1,1)","2,2,0","2,2,0",True,6,6,4,6,4,5,6,7,8,True,True,False,False,False,11,"known_exact_rank_<2,3,2>",True,True,True,True,True,EXACT_DERIVED
4,"(0,0); (0,2); (1,0); (2,0)","(0,0); (0,1); (1,0); (2,0)","2,1,1","3,1,0",False,9,6,4,9,4,5,6,7,8,True,True,True,True,True,,,False,False,False,False,False,EXACT_DERIVED
4,"(0,0); (0,2); (1,0); (2,1)","(0,0); (0,1); (1,0); (2,2)","2,1,1","2,1,1",False,9,9,4,9,4,5,6,7,8,True,True,True,True,True,,,False,False,False,False,False,EXACT_DERIVED
4,"(0,0); (0,2); (1,0); (2,2)","(0,0); (0,1); (1,0); (2,1)","2,1,1","2,2,0",False,9,6,4,9,4,5,6,7,8,True,True,True,True,True,,,False,False,False,False,False,EXACT_DERIVED
4,"(0,0); (0,2); (1,1); (1,2)","(0,0); (0,1); (1,0); (1,2)","2,2,0","2,1,1",False,6,9,4,9,4,5,6,7,8,True,True,True,True,True,,,False,False,False,False,False,EXACT_DERIVED
4,"(0,0); (0,2); (1,1); (2,0)","(0,0); (0,1); (1,0); (2,2)","2,1,1","2,1,1",False,9,9,4,9,4,5,6,7,8,True,True,True,True,True,,,False,False,False,False,False,EXACT_DERIVED
4,"(0,0); (0,2); (1,1); (2,1)","(0,0); (0,1); (1,2); (2,2)","2,1,1","2,1,1",False,9,9,4,9,4,5,6,7,8,True,True,True,True,True,,,False,False,False,False,False,EXACT_DERIVED
4,"(0,0); (0,2); (1,1); (2,2)","(0,0); (0,1); (1,0); (2,2)","2,1,1","2,1,1",False,9,9,4,9,4,5,6,7,8,True,True,True,True,True,,,False,False,False,False,False,EXACT_DERIVED
4,"(0,0); (0,2); (1,2); (2,0)","(0,0); (0,1); (1,0); (2,1)","2,1,1","2,2,0",False,9,6,4,9,4,5,6,7,8,True,True,True,True,True,,,False,False,False,False,False,EXACT_DERIVED
4,"(0,0); (0,2); (1,2); (2,1)","(0,0); (0,1); (1,0); (2,2)","2,1,1","2,1,1",False,9,9,4,9,4,5,6,7,8,True,True,True,True,True,,,False,False,False,False,False,EXACT_DERIVED
4,"(0,0); (0,2); (1,2); (2,2)","(0,0); (0,1); (1,0); (2,0)","2,1,1","3,1,0",False,9,6,4,9,4,5,6,7,8,True,True,True,True,True,,,False,False,False,False,False,EXACT_DERIVED
4,"(0,0); (0,2); (2,0); (2,1)","(0,0); (0,1); (1,0); (1,2)","2,2,0","2,1,1",False,6,9,4,9,4,5,6,7,8,True,True,True,True,True,,,False,False,False,False,False,EXACT_DERIVED
4,"(0,0); (0,2); (2,0); (2,2)","(0,0); (0,1); (1,0); (1,1)","2,2,0","2,2,0",True,6,6,4,6,4,5,6,7,8,True,True,False,False,False,11,"known_exact_rank_<2,3,2>",True,True,True,True,True,EXACT_DERIVED
4,"(0,0); (0,2); (2,1); (2,2)","(0,0); (0,1); (1,0); (1,2)","2,2,0","2,1,1",False,6,9,4,9,4,5,6,7,8,True,True,True,True,True,,,False,False,False,False,False,EXACT_DERIVED
4,"(0,0); (1,0); (1,1); (1,2)","(0,0); (0,1); (0,2); (1,0)","3,1,0","2,1,1",False,6,9,4,9,4,5,6,7,8,True,True,True,True,True,,,False,False,False,False,False,EXACT_DERIVED
4,"(0,0); (1,0); (1,1); (2,0)","(0,0); (0,1); (1,0); (2,0)","2,1,1","3,1,0",False,9,6,4,9,4,5,6,7,8,True,True,True,True,True,,,False,False,False,False,False,EXACT_DERIVED
4,"(0,0); (1,0); (1,1); (2,1)","(0,0); (0,1); (1,0); (2,1)","2,1,1","2,2,0",False,9,6,4,9,4,5,6,7,8,True,True,True,True,True,,,False,False,False,False,False,EXACT_DERIVED
4,"(0,0); (1,0); (1,1); (2,2)","(0,0); (0,1); (1,0); (2,2)","2,1,1","2,1,1",False,9,9,4,9,4,5,6,7,8,True,True,True,True,True,,,False,False,False,False,False,EXACT_DERIVED
4,"(0,0); (1,0); (1,2); (2,0)","(0,0); (0,1); (1,0); (2,0)","2,1,1","3,1,0",False,9,6,4,9,4,5,6,7,8,True,True,True,True,True,,,False,False,False,False,False,EXACT_DERIVED
4,"(0,0); (1,0); (1,2); (2,1)","(0,0); (0,1); (1,0); (2,2)","2,1,1","2,1,1",False,9,9,4,9,4,5,6,7,8,True,True,True,True,True,,,False,False,False,False,False,EXACT_DERIVED
4,"(0,0); (1,0); (1,2); (2,2)","(0,0); (0,1); (1,0); (2,1)","2,1,1","2,2,0",False,9,6,4,9,4,5,6,7,8,True,True,True,True,True,,,False,False,False,False,False,EXACT_DERIVED
4,"(0,0); (1,0); (2,0); (2,1)","(0,0); (0,1); (1,0); (2,0)","2,1,1","3,1,0",False,9,6,4,9,4,5,6,7,8,True,True,True,True,True,,,False,False,False,False,False,EXACT_DERIVED
4,"(0,0); (1,0); (2,0); (2,2)","(0,0); (0,1); (1,0); (2,0)","2,1,1","3,1,0",False,9,6,4,9,4,5,6,7,8,True,True,True,True,True,,,False,False,False,False,False,EXACT_DERIVED
4,"(0,0); (1,0); (2,1); (2,2)","(0,0); (0,1); (1,2); (2,2)","2,1,1","2,1,1",False,9,9,4,9,4,5,6,7,8,True,True,True,True,True,,,False,False,False,False,False,EXACT_DERIVED
4,"(0,0); (1,1); (1,2); (2,0)","(0,0); (0,1); (1,2); (2,2)","2,1,1","2,1,1",False,9,9,4,9,4,5,6,7,8,True,True,True,True,True,,,False,False,False,False,False,EXACT_DERIVED
4,"(0,0); (1,1); (1,2); (2,1)","(0,0); (0,1); (1,0); (2,2)","2,1,1","2,1,1",False,9,9,4,9,4,5,6,7,8,True,True,True,True,True,,,False,False,False,False,False,EXACT_DERIVED
4,"(0,0); (1,1); (1,2); (2,2)","(0,0); (0,1); (1,0); (2,2)","2,1,1","2,1,1",False,9,9,4,9,4,5,6,7,8,True,True,True,True,True,,,False,False,False,False,False,EXACT_DERIVED
4,"(0,0); (1,1); (2,0); (2,1)","(0,0); (0,1); (1,0); (2,1)","2,1,1","2,2,0",False,9,6,4,9,4,5,6,7,8,True,True,True,True,True,,,False,False,False,False,False,EXACT_DERIVED
4,"(0,0); (1,1); (2,0); (2,2)","(0,0); (0,1); (1,0); (2,2)","2,1,1","2,1,1",False,9,9,4,9,4,5,6,7,8,True,True,True,True,True,,,False,False,False,False,False,EXACT_DERIVED
4,"(0,0); (1,1); (2,1); (2,2)","(0,0); (0,1); (1,0); (2,2)","2,1,1","2,1,1",False,9,9,4,9,4,5,6,7,8,True,True,True,True,True,,,False,False,False,False,False,EXACT_DERIVED
4,"(0,0); (1,2); (2,0); (2,1)","(0,0); (0,1); (1,0); (2,2)","2,1,1","2,1,1",False,9,9,4,9,4,5,6,7,8,True,True,True,True,True,,,False,False,False,False,False,EXACT_DERIVED
4,"(0,0); (1,2); (2,0); (2,2)","(0,0); (0,1); (1,0); (2,1)","2,1,1","2,2,0",False,9,6,4,9,4,5,6,7,8,True,True,True,True,True,,,False,False,False,False,False,EXACT_DERIVED
4,"(0,0); (1,2); (2,1); (2,2)","(0,0); (0,1); (1,0); (2,2)","2,1,1","2,1,1",False,9,9,4,9,4,5,6,7,8,True,True,True,True,True,,,False,False,False,False,False,EXACT_DERIVED
4,"(0,0); (2,0); (2,1); (2,2)","(0,0); (0,1); (0,2); (1,0)","3,1,0","2,1,1",False,6,9,4,9,4,5,6,7,8,True,True,True,True,True,,,False,False,False,False,False,EXACT_DERIVED
4,"(0,1); (0,2); (1,0); (1,1)","(0,0); (0,1); (1,0); (1,2)","2,2,0","2,1,1",False,6,9,4,9,4,5,6,7,8,True,True,True,True,True,,,False,False,False,False,False,EXACT_DERIVED
4,"(0,1); (0,2); (1,0); (1,2)","(0,0); (0,1); (1,0); (1,2)","2,2,0","2,1,1",False,6,9,4,9,4,5,6,7,8,True,True,True,True,True,,,False,False,False,False,False,EXACT_DERIVED
4,"(0,1); (0,2); (1,0); (2,0)","(0,0); (0,1); (1,2); (2,2)","2,1,1","2,1,1",False,9,9,4,9,4,5,6,7,8,True,True,True,True,True,,,False,False,False,False,False,EXACT_DERIVED
4,"(0,1); (0,2); (1,0); (2,1)","(0,0); (0,1); (1,0); (2,2)","2,1,1","2,1,1",False,9,9,4,9,4,5,6,7,8,True,True,True,True,True,,,False,False,False,False,False,EXACT_DERIVED
4,"(0,1); (0,2); (1,0); (2,2)","(0,0); (0,1); (1,0); (2,2)","2,1,1","2,1,1",False,9,9,4,9,4,5,6,7,8,True,True,True,True,True,,,False,False,False,False,False,EXACT_DERIVED
4,"(0,1); (0,2); (1,1); (1,2)","(0,0); (0,1); (1,0); (1,1)","2,2,0","2,2,0",True,6,6,4,6,4,5,6,7,8,True,True,False,False,False,11,"known_exact_rank_<2,3,2>",True,True,True,True,True,EXACT_DERIVED
4,"(0,1); (0,2); (1,1); (2,0)","(0,0); (0,1); (1,0); (2,2)","2,1,1","2,1,1",False,9,9,4,9,4,5,6,7,8,True,True,True,True,True,,,False,False,False,False,False,EXACT_DERIVED
4,"(0,1); (0,2); (1,1); (2,1)","(0,0); (0,1); (1,0); (2,0)","2,1,1","3,1,0",False,9,6,4,9,4,5,6,7,8,True,True,True,True,True,,,False,False,False,False,False,EXACT_DERIVED
4,"(0,1); (0,2); (1,1); (2,2)","(0,0); (0,1); (1,0); (2,1)","2,1,1","2,2,0",False,9,6,4,9,4,5,6,7,8,True,True,True,True,True,,,False,False,False,False,False,EXACT_DERIVED
4,"(0,1); (0,2); (1,2); (2,0)","(0,0); (0,1); (1,0); (2,2)","2,1,1","2,1,1",False,9,9,4,9,4,5,6,7,8,True,True,True,True,True,,,False,False,False,False,False,EXACT_DERIVED
4,"(0,1); (0,2); (1,2); (2,1)","(0,0); (0,1); (1,0); (2,1)","2,1,1","2,2,0",False,9,6,4,9,4,5,6,7,8,True,True,True,True,True,,,False,False,False,False,False,EXACT_DERIVED
4,"(0,1); (0,2); (1,2); (2,2)","(0,0); (0,1); (1,0); (2,0)","2,1,1","3,1,0",False,9,6,4,9,4,5,6,7,8,True,True,True,True,True,,,False,False,False,False,False,EXACT_DERIVED
4,"(0,1); (0,2); (2,0); (2,1)","(0,0); (0,1); (1,0); (1,2)","2,2,0","2,1,1",False,6,9,4,9,4,5,6,7,8,True,True,True,True,True,,,False,False,False,False,False,EXACT_DERIVED
4,"(0,1); (0,2); (2,0); (2,2)","(0,0); (0,1); (1,0); (1,2)","2,2,0","2,1,1",False,6,9,4,9,4,5,6,7,8,True,True,True,True,True,,,False,False,False,False,False,EXACT_DERIVED
4,"(0,1); (0,2); (2,1); (2,2)","(0,0); (0,1); (1,0); (1,1)","2,2,0","2,2,0",True,6,6,4,6,4,5,6,7,8,True,True,False,False,False,11,"known_exact_rank_<2,3,2>",True,True,True,True,True,EXACT_DERIVED
4,"(0,1); (1,0); (1,1); (1,2)","(0,0); (0,1); (0,2); (1,0)","3,1,0","2,1,1",False,6,9,4,9,4,5,6,7,8,True,True,True,True,True,,,False,False,False,False,False,EXACT_DERIVED
4,"(0,1); (1,0); (1,1); (2,0)","(0,0); (0,1); (1,0); (2,1)","2,1,1","2,2,0",False,9,6,4,9,4,5,6,7,8,True,True,True,True,True,,,False,False,False,False,False,EXACT_DERIVED
4,"(0,1); (1,0); (1,1); (2,1)","(0,0); (0,1); (1,0); (2,0)","2,1,1","3,1,0",False,9,6,4,9,4,5,6,7,8,True,True,True,True,True,,,False,False,False,False,False,EXACT_DERIVED
4,"(0,1); (1,0); (1,1); (2,2)","(0,0); (0,1); (1,0); (2,2)","2,1,1","2,1,1",False,9,9,4,9,4,5,6,7,8,True,True,True,True,True,,,False,False,False,False,False,EXACT_DERIVED
4,"(0,1); (1,0); (1,2); (2,0)","(0,0); (0,1); (1,0); (2,2)","2,1,1","2,1,1",False,9,9,4,9,4,5,6,7,8,True,True,True,True,True,,,False,False,False,False,False,EXACT_DERIVED
4,"(0,1); (1,0); (1,2); (2,1)","(0,0); (0,1); (1,2); (2,2)","2,1,1","2,1,1",False,9,9,4,9,4,5,6,7,8,True,True,True,True,True,,,False,False,False,False,False,EXACT_DERIVED
4,"(0,1); (1,0); (1,2); (2,2)","(0,0); (0,1); (1,0); (2,2)","2,1,1","2,1,1",False,9,9,4,9,4,5,6,7,8,True,True,True,True,True,,,False,False,False,False,False,EXACT_DERIVED
4,"(0,1); (1,0); (2,0); (2,1)","(0,0); (0,1); (1,0); (2,1)","2,1,1","2,2,0",False,9,6,4,9,4,5,6,7,8,True,True,True,True,True,,,False,False,False,False,False,EXACT_DERIVED
4,"(0,1); (1,0); (2,0); (2,2)","(0,0); (0,1); (1,0); (2,2)","2,1,1","2,1,1",False,9,9,4,9,4,5,6,7,8,True,True,True,True,True,,,False,False,False,False,False,EXACT_DERIVED
4,"(0,1); (1,0); (2,1); (2,2)","(0,0); (0,1); (1,0); (2,2)","2,1,1","2,1,1",False,9,9,4,9,4,5,6,7,8,True,True,True,True,True,,,False,False,False,False,False,EXACT_DERIVED
4,"(0,1); (1,1); (1,2); (2,0)","(0,0); (0,1); (1,0); (2,2)","2,1,1","2,1,1",False,9,9,4,9,4,5,6,7,8,True,True,True,True,True,,,False,False,False,False,False,EXACT_DERIVED
4,"(0,1); (1,1); (1,2); (2,1)","(0,0); (0,1); (1,0); (2,0)","2,1,1","3,1,0",False,9,6,4,9,4,5,6,7,8,True,True,True,True,True,,,False,False,False,False,False,EXACT_DERIVED
4,"(0,1); (1,1); (1,2); (2,2)","(0,0); (0,1); (1,0); (2,1)","2,1,1","2,2,0",False,9,6,4,9,4,5,6,7,8,True,True,True,True,True,,,False,False,False,False,False,EXACT_DERIVED
4,"(0,1); (1,1); (2,0); (2,1)","(0,0); (0,1); (1,0); (2,0)","2,1,1","3,1,0",False,9,6,4,9,4,5,6,7,8,True,True,True,True,True,,,False,False,False,False,False,EXACT_DERIVED
4,"(0,1); (1,1); (2,0); (2,2)","(0,0); (0,1); (1,2); (2,2)","2,1,1","2,1,1",False,9,9,4,9,4,5,6,7,8,True,True,True,True,True,,,False,False,False,False,False,EXACT_DERIVED
4,"(0,1); (1,1); (2,1); (2,2)","(0,0); (0,1); (1,0); (2,0)","2,1,1","3,1,0",False,9,6,4,9,4,5,6,7,8,True,True,True,True,True,,,False,False,False,False,False,EXACT_DERIVED
4,"(0,1); (1,2); (2,0); (2,1)","(0,0); (0,1); (1,0); (2,2)","2,1,1","2,1,1",False,9,9,4,9,4,5,6,7,8,True,True,True,True,True,,,False,False,False,False,False,EXACT_DERIVED
4,"(0,1); (1,2); (2,0); (2,2)","(0,0); (0,1); (1,0); (2,2)","2,1,1","2,1,1",False,9,9,4,9,4,5,6,7,8,True,True,True,True,True,,,False,False,False,False,False,EXACT_DERIVED
4,"(0,1); (1,2); (2,1); (2,2)","(0,0); (0,1); (1,0); (2,1)","2,1,1","2,2,0",False,9,6,4,9,4,5,6,7,8,True,True,True,True,True,,,False,False,False,False,False,EXACT_DERIVED
4,"(0,1); (2,0); (2,1); (2,2)","(0,0); (0,1); (0,2); (1,0)","3,1,0","2,1,1",False,6,9,4,9,4,5,6,7,8,True,True,True,True,True,,,False,False,False,False,False,EXACT_DERIVED
4,"(0,2); (1,0); (1,1); (1,2)","(0,0); (0,1); (0,2); (1,0)","3,1,0","2,1,1",False,6,9,4,9,4,5,6,7,8,True,True,True,True,True,,,False,False,False,False,False,EXACT_DERIVED
4,"(0,2); (1,0); (1,1); (2,0)","(0,0); (0,1); (1,0); (2,2)","2,1,1","2,1,1",False,9,9,4,9,4,5,6,7,8,True,True,True,True,True,,,False,False,False,False,False,EXACT_DERIVED
4,"(0,2); (1,0); (1,1); (2,1)","(0,0); (0,1); (1,0); (2,2)","2,1,1","2,1,1",False,9,9,4,9,4,5,6,7,8,True,True,True,True,True,,,False,False,False,False,False,EXACT_DERIVED
4,"(0,2); (1,0); (1,1); (2,2)","(0,0); (0,1); (1,2); (2,2)","2,1,1","2,1,1",False,9,9,4,9,4,5,6,7,8,True,True,True,True,True,,,False,False,False,False,False,EXACT_DERIVED
4,"(0,2); (1,0); (1,2); (2,0)","(0,0); (0,1); (1,0); (2,1)","2,1,1","2,2,0",False,9,6,4,9,4,5,6,7,8,True,True,True,True,True,,,False,False,False,False,False,EXACT_DERIVED
4,"(0,2); (1,0); (1,2); (2,1)","(0,0); (0,1); (1,0); (2,2)","2,1,1","2,1,1",False,9,9,4,9,4,5,6,7,8,True,True,True,True,True,,,False,False,False,False,False,EXACT_DERIVED
4,"(0,2); (1,0); (1,2); (2,2)","(0,0); (0,1); (1,0); (2,0)","2,1,1","3,1,0",False,9,6,4,9,4,5,6,7,8,True,True,True,True,True,,,False,False,False,False,False,EXACT_DERIVED
4,"(0,2); (1,0); (2,0); (2,1)","(0,0); (0,1); (1,0); (2,2)","2,1,1","2,1,1",False,9,9,4,9,4,5,6,7,8,True,True,True,True,True,,,False,False,False,False,False,EXACT_DERIVED
4,"(0,2); (1,0); (2,0); (2,2)","(0,0); (0,1); (1,0); (2,1)","2,1,1","2,2,0",False,9,6,4,9,4,5,6,7,8,True,True,True,True,True,,,False,False,False,False,False,EXACT_DERIVED
4,"(0,2); (1,0); (2,1); (2,2)","(0,0); (0,1); (1,0); (2,2)","2,1,1","2,1,1",False,9,9,4,9,4,5,6,7,8,True,True,True,True,True,,,False,False,False,False,False,EXACT_DERIVED
4,"(0,2); (1,1); (1,2); (2,0)","(0,0); (0,1); (1,0); (2,2)","2,1,1","2,1,1",False,9,9,4,9,4,5,6,7,8,True,True,True,True,True,,,False,False,False,False,False,EXACT_DERIVED
4,"(0,2); (1,1); (1,2); (2,1)","(0,0); (0,1); (1,0); (2,1)","2,1,1","2,2,0",False,9,6,4,9,4,5,6,7,8,True,True,True,True,True,,,False,False,False,False,False,EXACT_DERIVED
4,"(0,2); (1,1); (1,2); (2,2)","(0,0); (0,1); (1,0); (2,0)","2,1,1","3,1,0",False,9,6,4,9,4,5,6,7,8,True,True,True,True,True,,,False,False,False,False,False,EXACT_DERIVED
4,"(0,2); (1,1); (2,0); (2,1)","(0,0); (0,1); (1,0); (2,2)","2,1,1","2,1,1",False,9,9,4,9,4,5,6,7,8,True,True,True,True,True,,,False,False,False,False,False,EXACT_DERIVED
4,"(0,2); (1,1); (2,0); (2,2)","(0,0); (0,1); (1,0); (2,2)","2,1,1","2,1,1",False,9,9,4,9,4,5,6,7,8,True,True,True,True,True,,,False,False,False,False,False,EXACT_DERIVED
4,"(0,2); (1,1); (2,1); (2,2)","(0,0); (0,1); (1,0); (2,1)","2,1,1","2,2,0",False,9,6,4,9,4,5,6,7,8,True,True,True,True,True,,,False,False,False,False,False,EXACT_DERIVED
4,"(0,2); (1,2); (2,0); (2,1)","(0,0); (0,1); (1,2); (2,2)","2,1,1","2,1,1",False,9,9,4,9,4,5,6,7,8,True,True,True,True,True,,,False,False,False,False,False,EXACT_DERIVED
4,"(0,2); (1,2); (2,0); (2,2)","(0,0); (0,1); (1,0); (2,0)","2,1,1","3,1,0",False,9,6,4,9,4,5,6,7,8,True,True,True,True,True,,,False,False,False,False,False,EXACT_DERIVED
4,"(0,2); (1,2); (2,1); (2,2)","(0,0); (0,1); (1,0); (2,0)","2,1,1","3,1,0",False,9,6,4,9,4,5,6,7,8,True,True,True,True,True,,,False,False,False,False,False,EXACT_DERIVED
4,"(0,2); (2,0); (2,1); (2,2)","(0,0); (0,1); (0,2); (1,0)","3,1,0","2,1,1",False,6,9,4,9,4,5,6,7,8,True,True,True,True,True,,,False,False,False,False,False,EXACT_DERIVED
4,"(1,0); (1,1); (1,2); (2,0)","(0,0); (0,1); (0,2); (1,0)","3,1,0","2,1,1",False,6,9,4,9,4,5,6,7,8,True,True,True,True,True,,,False,False,False,False,False,EXACT_DERIVED
4,"(1,0); (1,1); (1,2); (2,1)","(0,0); (0,1); (0,2); (1,0)","3,1,0","2,1,1",False,6,9,4,9,4,5,6,7,8,True,True,True,True,True,,,False,False,False,False,False,EXACT_DERIVED
4,"(1,0); (1,1); (1,2); (2,2)","(0,0); (0,1); (0,2); (1,0)","3,1,0","2,1,1",False,6,9,4,9,4,5,6,7,8,True,True,True,True,True,,,False,False,False,False,False,EXACT_DERIVED
4,"(1,0); (1,1); (2,0); (2,1)","(0,0); (0,1); (1,0); (1,1)","2,2,0","2,2,0",True,6,6,4,6,4,5,6,7,8,True,True,False,False,False,11,"known_exact_rank_<2,3,2>",True,True,True,True,True,EXACT_DERIVED
4,"(1,0); (1,1); (2,0); (2,2)","(0,0); (0,1); (1,0); (1,2)","2,2,0","2,1,1",False,6,9,4,9,4,5,6,7,8,True,True,True,True,True,,,False,False,False,False,False,EXACT_DERIVED
4,"(1,0); (1,1); (2,1); (2,2)","(0,0); (0,1); (1,0); (1,2)","2,2,0","2,1,1",False,6,9,4,9,4,5,6,7,8,True,True,True,True,True,,,False,False,False,False,False,EXACT_DERIVED
4,"(1,0); (1,2); (2,0); (2,1)","(0,0); (0,1); (1,0); (1,2)","2,2,0","2,1,1",False,6,9,4,9,4,5,6,7,8,True,True,True,True,True,,,False,False,False,False,False,EXACT_DERIVED
4,"(1,0); (1,2); (2,0); (2,2)","(0,0); (0,1); (1,0); (1,1)","2,2,0","2,2,0",True,6,6,4,6,4,5,6,7,8,True,True,False,False,False,11,"known_exact_rank_<2,3,2>",True,True,True,True,True,EXACT_DERIVED
4,"(1,0); (1,2); (2,1); (2,2)","(0,0); (0,1); (1,0); (1,2)","2,2,0","2,1,1",False,6,9,4,9,4,5,6,7,8,True,True,True,True,True,,,False,False,False,False,False,EXACT_DERIVED
4,"(1,0); (2,0); (2,1); (2,2)","(0,0); (0,1); (0,2); (1,0)","3,1,0","2,1,1",False,6,9,4,9,4,5,6,7,8,True,True,True,True,True,,,False,False,False,False,False,EXACT_DERIVED
4,"(1,1); (1,2); (2,0); (2,1)","(0,0); (0,1); (1,0); (1,2)","2,2,0","2,1,1",False,6,9,4,9,4,5,6,7,8,True,True,True,True,True,,,False,False,False,False,False,EXACT_DERIVED
4,"(1,1); (1,2); (2,0); (2,2)","(0,0); (0,1); (1,0); (1,2)","2,2,0","2,1,1",False,6,9,4,9,4,5,6,7,8,True,True,True,True,True,,,False,False,False,False,False,EXACT_DERIVED
4,"(1,1); (1,2); (2,1); (2,2)","(0,0); (0,1); (1,0); (1,1)","2,2,0","2,2,0",True,6,6,4,6,4,5,6,7,8,True,True,False,False,False,11,"known_exact_rank_<2,3,2>",True,True,True,True,True,EXACT_DERIVED
4,"(1,1); (2,0); (2,1); (2,2)","(0,0); (0,1); (0,2); (1,0)","3,1,0","2,1,1",False,6,9,4,9,4,5,6,7,8,True,True,True,True,True,,,False,False,False,False,False,EXACT_DERIVED
4,"(1,2); (2,0); (2,1); (2,2)","(0,0); (0,1); (0,2); (1,0)","3,1,0","2,1,1",False,6,9,4,9,4,5,6,7,8,True,True,True,True,True,,,False,False,False,False,False,EXACT_DERIVED
5,"(0,0); (0,1); (0,2); (1,0); (1,1)","(0,0); (0,1); (0,2); (1,0); (1,1)","3,2,0","2,2,1",False,6,9,5,9,7,8,9,10,11,True,True,False,False,False,,,False,False,False,False,False,EXACT_DERIVED
5,"(0,0); (0,1); (0,2); (1,0); (1,2)","(0,0); (0,1); (0,2); (1,0); (1,1)","3,2,0","2,2,1",False,6,9,5,9,7,8,9,10,11,True,True,False,False,False,,,False,False,False,False,False,EXACT_DERIVED
5,"(0,0); (0,1); (0,2); (1,0); (2,0)","(0,0); (0,1); (0,2); (1,0); (2,0)","3,1,1","3,1,1",False,9,9,5,9,7,8,9,10,11,True,True,False,False,False,,,False,False,False,False,False,EXACT_DERIVED
5,"(0,0); (0,1); (0,2); (1,0); (2,1)","(0,0); (0,1); (0,2); (1,0); (2,1)","3,1,1","2,2,1",False,9,9,5,9,7,8,9,10,11,True,True,False,False,False,,,False,False,False,False,False,EXACT_DERIVED
5,"(0,0); (0,1); (0,2); (1,0); (2,2)","(0,0); (0,1); (0,2); (1,0); (2,1)","3,1,1","2,2,1",False,9,9,5,9,7,8,9,10,11,True,True,False,False,False,,,False,False,False,False,False,EXACT_DERIVED
5,"(0,0); (0,1); (0,2); (1,1); (1,2)","(0,0); (0,1); (0,2); (1,0); (1,1)","3,2,0","2,2,1",False,6,9,5,9,7,8,9,10,11,True,True,False,False,False,,,False,False,False,False,False,EXACT_DERIVED
5,"(0,0); (0,1); (0,2); (1,1); (2,0)","(0,0); (0,1); (0,2); (1,0); (2,1)","3,1,1","2,2,1",False,9,9,5,9,7,8,9,10,11,True,True,False,False,False,,,False,False,False,False,False,EXACT_DERIVED
5,"(0,0); (0,1); (0,2); (1,1); (2,1)","(0,0); (0,1); (0,2); (1,0); (2,0)","3,1,1","3,1,1",False,9,9,5,9,7,8,9,10,11,True,True,False,False,False,,,False,False,False,False,False,EXACT_DERIVED
5,"(0,0); (0,1); (0,2); (1,1); (2,2)","(0,0); (0,1); (0,2); (1,0); (2,1)","3,1,1","2,2,1",False,9,9,5,9,7,8,9,10,11,True,True,False,False,False,,,False,False,False,False,False,EXACT_DERIVED
5,"(0,0); (0,1); (0,2); (1,2); (2,0)","(0,0); (0,1); (0,2); (1,0); (2,1)","3,1,1","2,2,1",False,9,9,5,9,7,8,9,10,11,True,True,False,False,False,,,False,False,False,False,False,EXACT_DERIVED
5,"(0,0); (0,1); (0,2); (1,2); (2,1)","(0,0); (0,1); (0,2); (1,0); (2,1)","3,1,1","2,2,1",False,9,9,5,9,7,8,9,10,11,True,True,False,False,False,,,False,False,False,False,False,EXACT_DERIVED
5,"(0,0); (0,1); (0,2); (1,2); (2,2)","(0,0); (0,1); (0,2); (1,0); (2,0)","3,1,1","3,1,1",False,9,9,5,9,7,8,9,10,11,True,True,False,False,False,,,False,False,False,False,False,EXACT_DERIVED
5,"(0,0); (0,1); (0,2); (2,0); (2,1)","(0,0); (0,1); (0,2); (1,0); (1,1)","3,2,0","2,2,1",False,6,9,5,9,7,8,9,10,11,True,True,False,False,False,,,False,False,False,False,False,EXACT_DERIVED
5,"(0,0); (0,1); (0,2); (2,0); (2,2)","(0,0); (0,1); (0,2); (1,0); (1,1)","3,2,0","2,2,1",False,6,9,5,9,7,8,9,10,11,True,True,False,False,False,,,False,False,False,False,False,EXACT_DERIVED
5,"(0,0); (0,1); (0,2); (2,1); (2,2)","(0,0); (0,1); (0,2); (1,0); (1,1)","3,2,0","2,2,1",False,6,9,5,9,7,8,9,10,11,True,True,False,False,False,,,False,False,False,False,False,EXACT_DERIVED
5,"(0,0); (0,1); (1,0); (1,1); (1,2)","(0,0); (0,1); (0,2); (1,0); (1,1)","3,2,0","2,2,1",False,6,9,5,9,7,8,9,10,11,True,True,False,False,False,,,False,False,False,False,False,EXACT_DERIVED
5,"(0,0); (0,1); (1,0); (1,1); (2,0)","(0,0); (0,1); (1,0); (1,1); (2,0)","2,2,1","3,2,0",False,9,6,5,9,7,8,9,10,11,True,True,False,False,False,,,False,False,False,False,False,EXACT_DERIVED
5,"(0,0); (0,1); (1,0); (1,1); (2,1)","(0,0); (0,1); (1,0); (1,1); (2,0)","2,2,1","3,2,0",False,9,6,5,9,7,8,9,10,11,True,True,False,False,False,,,False,False,False,False,False,EXACT_DERIVED
5,"(0,0); (0,1); (1,0); (1,1); (2,2)","(0,0); (0,1); (1,0); (1,1); (2,2)","2,2,1","2,2,1",False,9,9,5,9,7,8,9,10,11,True,True,False,False,False,,,False,False,False,False,False,EXACT_DERIVED
5,"(0,0); (0,1); (1,0); (1,2); (2,0)","(0,0); (0,1); (1,0); (1,2); (2,0)","2,2,1","3,1,1",False,9,9,5,9,7,8,9,10,11,True,True,False,False,False,,,False,False,False,False,False,EXACT_DERIVED
5,"(0,0); (0,1); (1,0); (1,2); (2,1)","(0,0); (0,1); (1,0); (1,2); (2,1)","2,2,1","2,2,1",False,9,9,5,9,7,8,9,10,11,True,True,False,False,False,,,False,False,False,False,False,EXACT_DERIVED
5,"(0,0); (0,1); (1,0); (1,2); (2,2)","(0,0); (0,1); (1,0); (1,2); (2,1)","2,2,1","2,2,1",False,9,9,5,9,7,8,9,10,11,True,True,False,False,False,,,False,False,False,False,False,EXACT_DERIVED
5,"(0,0); (0,1); (1,0); (2,0); (2,1)","(0,0); (0,1); (1,0); (1,1); (2,0)","2,2,1","3,2,0",False,9,6,5,9,7,8,9,10,11,True,True,False,False,False,,,False,False,False,False,False,EXACT_DERIVED
5,"(0,0); (0,1); (1,0); (2,0); (2,2)","(0,0); (0,1); (1,0); (1,2); (2,0)","2,2,1","3,1,1",False,9,9,5,9,7,8,9,10,11,True,True,False,False,False,,,False,False,False,False,False,EXACT_DERIVED
5,"(0,0); (0,1); (1,0); (2,1); (2,2)","(0,0); (0,1); (1,0); (1,2); (2,1)","2,2,1","2,2,1",False,9,9,5,9,7,8,9,10,11,True,True,False,False,False,,,False,False,False,False,False,EXACT_DERIVED
5,"(0,0); (0,1); (1,1); (1,2); (2,0)","(0,0); (0,1); (1,0); (1,2); (2,1)","2,2,1","2,2,1",False,9,9,5,9,7,8,9,10,11,True,True,False,False,False,,,False,False,False,False,False,EXACT_DERIVED
5,"(0,0); (0,1); (1,1); (1,2); (2,1)","(0,0); (0,1); (1,0); (1,2); (2,0)","2,2,1","3,1,1",False,9,9,5,9,7,8,9,10,11,True,True,False,False,False,,,False,False,False,False,False,EXACT_DERIVED
5,"(0,0); (0,1); (1,1); (1,2); (2,2)","(0,0); (0,1); (1,0); (1,2); (2,1)","2,2,1","2,2,1",False,9,9,5,9,7,8,9,10,11,True,True,False,False,False,,,False,False,False,False,False,EXACT_DERIVED
5,"(0,0); (0,1); (1,1); (2,0); (2,1)","(0,0); (0,1); (1,0); (1,1); (2,0)","2,2,1","3,2,0",False,9,6,5,9,7,8,9,10,11,True,True,False,False,False,,,False,False,False,False,False,EXACT_DERIVED
5,"(0,0); (0,1); (1,1); (2,0); (2,2)","(0,0); (0,1); (1,0); (1,2); (2,1)","2,2,1","2,2,1",False,9,9,5,9,7,8,9,10,11,True,True,False,False,False,,,False,False,False,False,False,EXACT_DERIVED
5,"(0,0); (0,1); (1,1); (2,1); (2,2)","(0,0); (0,1); (1,0); (1,2); (2,0)","2,2,1","3,1,1",False,9,9,5,9,7,8,9,10,11,True,True,False,False,False,,,False,False,False,False,False,EXACT_DERIVED
5,"(0,0); (0,1); (1,2); (2,0); (2,1)","(0,0); (0,1); (1,0); (1,1); (2,2)","2,2,1","2,2,1",False,9,9,5,9,7,8,9,10,11,True,True,False,False,False,,,False,False,False,False,False,EXACT_DERIVED
5,"(0,0); (0,1); (1,2); (2,0); (2,2)","(0,0); (0,1); (1,0); (1,2); (2,1)","2,2,1","2,2,1",False,9,9,5,9,7,8,9,10,11,True,True,False,False,False,,,False,False,False,False,False,EXACT_DERIVED
5,"(0,0); (0,1); (1,2); (2,1); (2,2)","(0,0); (0,1); (1,0); (1,2); (2,1)","2,2,1","2,2,1",False,9,9,5,9,7,8,9,10,11,True,True,False,False,False,,,False,False,False,False,False,EXACT_DERIVED
5,"(0,0); (0,1); (2,0); (2,1); (2,2)","(0,0); (0,1); (0,2); (1,0); (1,1)","3,2,0","2,2,1",False,6,9,5,9,7,8,9,10,11,True,True,False,False,False,,,False,False,False,False,False,EXACT_DERIVED
5,"(0,0); (0,2); (1,0); (1,1); (1,2)","(0,0); (0,1); (0,2); (1,0); (1,1)","3,2,0","2,2,1",False,6,9,5,9,7,8,9,10,11,True,True,False,False,False,,,False,False,False,False,False,EXACT_DERIVED
5,"(0,0); (0,2); (1,0); (1,1); (2,0)","(0,0); (0,1); (1,0); (1,2); (2,0)","2,2,1","3,1,1",False,9,9,5,9,7,8,9,10,11,True,True,False,False,False,,,False,False,False,False,False,EXACT_DERIVED
5,"(0,0); (0,2); (1,0); (1,1); (2,1)","(0,0); (0,1); (1,0); (1,2); (2,1)","2,2,1","2,2,1",False,9,9,5,9,7,8,9,10,11,True,True,False,False,False,,,False,False,False,False,False,EXACT_DERIVED
5,"(0,0); (0,2); (1,0); (1,1); (2,2)","(0,0); (0,1); (1,0); (1,2); (2,1)","2,2,1","2,2,1",False,9,9,5,9,7,8,9,10,11,True,True,False,False,False,,,False,False,False,False,False,EXACT_DERIVED
5,"(0,0); (0,2); (1,0); (1,2); (2,0)","(0,0); (0,1); (1,0); (1,1); (2,0)","2,2,1","3,2,0",False,9,6,5,9,7,8,9,10,11,True,True,False,False,False,,,False,False,False,False,False,EXACT_DERIVED
5,"(0,0); (0,2); (1,0); (1,2); (2,1)","(0,0); (0,1); (1,0); (1,1); (2,2)","2,2,1","2,2,1",False,9,9,5,9,7,8,9,10,11,True,True,False,False,False,,,False,False,False,False,False,EXACT_DERIVED
5,"(0,0); (0,2); (1,0); (1,2); (2,2)","(0,0); (0,1); (1,0); (1,1); (2,0)","2,2,1","3,2,0",False,9,6,5,9,7,8,9,10,11,True,True,False,False,False,,,False,False,False,False,False,EXACT_DERIVED
5,"(0,0); (0,2); (1,0); (2,0); (2,1)","(0,0); (0,1); (1,0); (1,2); (2,0)","2,2,1","3,1,1",False,9,9,5,9,7,8,9,10,11,True,True,False,False,False,,,False,False,False,False,False,EXACT_DERIVED
5,"(0,0); (0,2); (1,0); (2,0); (2,2)","(0,0); (0,1); (1,0); (1,1); (2,0)","2,2,1","3,2,0",False,9,6,5,9,7,8,9,10,11,True,True,False,False,False,,,False,False,False,False,False,EXACT_DERIVED
5,"(0,0); (0,2); (1,0); (2,1); (2,2)","(0,0); (0,1); (1,0); (1,2); (2,1)","2,2,1","2,2,1",False,9,9,5,9,7,8,9,10,11,True,True,False,False,False,,,False,False,False,False,False,EXACT_DERIVED
5,"(0,0); (0,2); (1,1); (1,2); (2,0)","(0,0); (0,1); (1,0); (1,2); (2,1)","2,2,1","2,2,1",False,9,9,5,9,7,8,9,10,11,True,True,False,False,False,,,False,False,False,False,False,EXACT_DERIVED
5,"(0,0); (0,2); (1,1); (1,2); (2,1)","(0,0); (0,1); (1,0); (1,2); (2,1)","2,2,1","2,2,1",False,9,9,5,9,7,8,9,10,11,True,True,False,False,False,,,False,False,False,False,False,EXACT_DERIVED
5,"(0,0); (0,2); (1,1); (1,2); (2,2)","(0,0); (0,1); (1,0); (1,2); (2,0)","2,2,1","3,1,1",False,9,9,5,9,7,8,9,10,11,True,True,False,False,False,,,False,False,False,False,False,EXACT_DERIVED
5,"(0,0); (0,2); (1,1); (2,0); (2,1)","(0,0); (0,1); (1,0); (1,2); (2,1)","2,2,1","2,2,1",False,9,9,5,9,7,8,9,10,11,True,True,False,False,False,,,False,False,False,False,False,EXACT_DERIVED
5,"(0,0); (0,2); (1,1); (2,0); (2,2)","(0,0); (0,1); (1,0); (1,1); (2,2)","2,2,1","2,2,1",False,9,9,5,9,7,8,9,10,11,True,True,False,False,False,,,False,False,False,False,False,EXACT_DERIVED
5,"(0,0); (0,2); (1,1); (2,1); (2,2)","(0,0); (0,1); (1,0); (1,2); (2,1)","2,2,1","2,2,1",False,9,9,5,9,7,8,9,10,11,True,True,False,False,False,,,False,False,False,False,False,EXACT_DERIVED
5,"(0,0); (0,2); (1,2); (2,0); (2,1)","(0,0); (0,1); (1,0); (1,2); (2,1)","2,2,1","2,2,1",False,9,9,5,9,7,8,9,10,11,True,True,False,False,False,,,False,False,False,False,False,EXACT_DERIVED
5,"(0,0); (0,2); (1,2); (2,0); (2,2)","(0,0); (0,1); (1,0); (1,1); (2,0)","2,2,1","3,2,0",False,9,6,5,9,7,8,9,10,11,True,True,False,False,False,,,False,False,False,False,False,EXACT_DERIVED
5,"(0,0); (0,2); (1,2); (2,1); (2,2)","(0,0); (0,1); (1,0); (1,2); (2,0)","2,2,1","3,1,1",False,9,9,5,9,7,8,9,10,11,True,True,False,False,False,,,False,False,False,False,False,EXACT_DERIVED
5,"(0,0); (0,2); (2,0); (2,1); (2,2)","(0,0); (0,1); (0,2); (1,0); (1,1)","3,2,0","2,2,1",False,6,9,5,9,7,8,9,10,11,True,True,False,False,False,,,False,False,False,False,False,EXACT_DERIVED
5,"(0,0); (1,0); (1,1); (1,2); (2,0)","(0,0); (0,1); (0,2); (1,0); (2,0)","3,1,1","3,1,1",False,9,9,5,9,7,8,9,10,11,True,True,False,False,False,,,False,False,False,False,False,EXACT_DERIVED
5,"(0,0); (1,0); (1,1); (1,2); (2,1)","(0,0); (0,1); (0,2); (1,0); (2,1)","3,1,1","2,2,1",False,9,9,5,9,7,8,9,10,11,True,True,False,False,False,,,False,False,False,False,False,EXACT_DERIVED
5,"(0,0); (1,0); (1,1); (1,2); (2,2)","(0,0); (0,1); (0,2); (1,0); (2,1)","3,1,1","2,2,1",False,9,9,5,9,7,8,9,10,11,True,True,False,False,False,,,False,False,False,False,False,EXACT_DERIVED
5,"(0,0); (1,0); (1,1); (2,0); (2,1)","(0,0); (0,1); (1,0); (1,1); (2,0)","2,2,1","3,2,0",False,9,6,5,9,7,8,9,10,11,True,True,False,False,False,,,False,False,False,False,False,EXACT_DERIVED
5,"(0,0); (1,0); (1,1); (2,0); (2,2)","(0,0); (0,1); (1,0); (1,2); (2,0)","2,2,1","3,1,1",False,9,9,5,9,7,8,9,10,11,True,True,False,False,False,,,False,False,False,False,False,EXACT_DERIVED
5,"(0,0); (1,0); (1,1); (2,1); (2,2)","(0,0); (0,1); (1,0); (1,2); (2,1)","2,2,1","2,2,1",False,9,9,5,9,7,8,9,10,11,True,True,False,False,False,,,False,False,False,False,False,EXACT_DERIVED
5,"(0,0); (1,0); (1,2); (2,0); (2,1)","(0,0); (0,1); (1,0); (1,2); (2,0)","2,2,1","3,1,1",False,9,9,5,9,7,8,9,10,11,True,True,False,False,False,,,False,False,False,False,False,EXACT_DERIVED
5,"(0,0); (1,0); (1,2); (2,0); (2,2)","(0,0); (0,1); (1,0); (1,1); (2,0)","2,2,1","3,2,0",False,9,6,5,9,7,8,9,10,11,True,True,False,False,False,,,False,False,False,False,False,EXACT_DERIVED
5,"(0,0); (1,0); (1,2); (2,1); (2,2)","(0,0); (0,1); (1,0); (1,2); (2,1)","2,2,1","2,2,1",False,9,9,5,9,7,8,9,10,11,True,True,False,False,False,,,False,False,False,False,False,EXACT_DERIVED
5,"(0,0); (1,0); (2,0); (2,1); (2,2)","(0,0); (0,1); (0,2); (1,0); (2,0)","3,1,1","3,1,1",False,9,9,5,9,7,8,9,10,11,True,True,False,False,False,,,False,False,False,False,False,EXACT_DERIVED
5,"(0,0); (1,1); (1,2); (2,0); (2,1)","(0,0); (0,1); (1,0); (1,2); (2,1)","2,2,1","2,2,1",False,9,9,5,9,7,8,9,10,11,True,True,False,False,False,,,False,False,False,False,False,EXACT_DERIVED
5,"(0,0); (1,1); (1,2); (2,0); (2,2)","(0,0); (0,1); (1,0); (1,2); (2,1)","2,2,1","2,2,1",False,9,9,5,9,7,8,9,10,11,True,True,False,False,False,,,False,False,False,False,False,EXACT_DERIVED
5,"(0,0); (1,1); (1,2); (2,1); (2,2)","(0,0); (0,1); (1,0); (1,1); (2,2)","2,2,1","2,2,1",False,9,9,5,9,7,8,9,10,11,True,True,False,False,False,,,False,False,False,False,False,EXACT_DERIVED
5,"(0,0); (1,1); (2,0); (2,1); (2,2)","(0,0); (0,1); (0,2); (1,0); (2,1)","3,1,1","2,2,1",False,9,9,5,9,7,8,9,10,11,True,True,False,False,False,,,False,False,False,False,False,EXACT_DERIVED
5,"(0,0); (1,2); (2,0); (2,1); (2,2)","(0,0); (0,1); (0,2); (1,0); (2,1)","3,1,1","2,2,1",False,9,9,5,9,7,8,9,10,11,True,True,False,False,False,,,False,False,False,False,False,EXACT_DERIVED
5,"(0,1); (0,2); (1,0); (1,1); (1,2)","(0,0); (0,1); (0,2); (1,0); (1,1)","3,2,0","2,2,1",False,6,9,5,9,7,8,9,10,11,True,True,False,False,False,,,False,False,False,False,False,EXACT_DERIVED
5,"(0,1); (0,2); (1,0); (1,1); (2,0)","(0,0); (0,1); (1,0); (1,2); (2,1)","2,2,1","2,2,1",False,9,9,5,9,7,8,9,10,11,True,True,False,False,False,,,False,False,False,False,False,EXACT_DERIVED
5,"(0,1); (0,2); (1,0); (1,1); (2,1)","(0,0); (0,1); (1,0); (1,2); (2,0)","2,2,1","3,1,1",False,9,9,5,9,7,8,9,10,11,True,True,False,False,False,,,False,False,False,False,False,EXACT_DERIVED
5,"(0,1); (0,2); (1,0); (1,1); (2,2)","(0,0); (0,1); (1,0); (1,2); (2,1)","2,2,1","2,2,1",False,9,9,5,9,7,8,9,10,11,True,True,False,False,False,,,False,False,False,False,False,EXACT_DERIVED
5,"(0,1); (0,2); (1,0); (1,2); (2,0)","(0,0); (0,1); (1,0); (1,2); (2,1)","2,2,1","2,2,1",False,9,9,5,9,7,8,9,10,11,True,True,False,False,False,,,False,False,False,False,False,EXACT_DERIVED
5,"(0,1); (0,2); (1,0); (1,2); (2,1)","(0,0); (0,1); (1,0); (1,2); (2,1)","2,2,1","2,2,1",False,9,9,5,9,7,8,9,10,11,True,True,False,False,False,,,False,False,False,False,False,EXACT_DERIVED
5,"(0,1); (0,2); (1,0); (1,2); (2,2)","(0,0); (0,1); (1,0); (1,2); (2,0)","2,2,1","3,1,1",False,9,9,5,9,7,8,9,10,11,True,True,False,False,False,,,False,False,False,False,False,EXACT_DERIVED
5,"(0,1); (0,2); (1,0); (2,0); (2,1)","(0,0); (0,1); (1,0); (1,2); (2,1)","2,2,1","2,2,1",False,9,9,5,9,7,8,9,10,11,True,True,False,False,False,,,False,False,False,False,False,EXACT_DERIVED
5,"(0,1); (0,2); (1,0); (2,0); (2,2)","(0,0); (0,1); (1,0); (1,2); (2,1)","2,2,1","2,2,1",False,9,9,5,9,7,8,9,10,11,True,True,False,False,False,,,False,False,False,False,False,EXACT_DERIVED
5,"(0,1); (0,2); (1,0); (2,1); (2,2)","(0,0); (0,1); (1,0); (1,1); (2,2)","2,2,1","2,2,1",False,9,9,5,9,7,8,9,10,11,True,True,False,False,False,,,False,False,False,False,False,EXACT_DERIVED
5,"(0,1); (0,2); (1,1); (1,2); (2,0)","(0,0); (0,1); (1,0); (1,1); (2,2)","2,2,1","2,2,1",False,9,9,5,9,7,8,9,10,11,True,True,False,False,False,,,False,False,False,False,False,EXACT_DERIVED
5,"(0,1); (0,2); (1,1); (1,2); (2,1)","(0,0); (0,1); (1,0); (1,1); (2,0)","2,2,1","3,2,0",False,9,6,5,9,7,8,9,10,11,True,True,False,False,False,,,False,False,False,False,False,EXACT_DERIVED
5,"(0,1); (0,2); (1,1); (1,2); (2,2)","(0,0); (0,1); (1,0); (1,1); (2,0)","2,2,1","3,2,0",False,9,6,5,9,7,8,9,10,11,True,True,False,False,False,,,False,False,False,False,False,EXACT_DERIVED
5,"(0,1); (0,2); (1,1); (2,0); (2,1)","(0,0); (0,1); (1,0); (1,2); (2,0)","2,2,1","3,1,1",False,9,9,5,9,7,8,9,10,11,True,True,False,False,False,,,False,False,False,False,False,EXACT_DERIVED
5,"(0,1); (0,2); (1,1); (2,0); (2,2)","(0,0); (0,1); (1,0); (1,2); (2,1)","2,2,1","2,2,1",False,9,9,5,9,7,8,9,10,11,True,True,False,False,False,,,False,False,False,False,False,EXACT_DERIVED
5,"(0,1); (0,2); (1,1); (2,1); (2,2)","(0,0); (0,1); (1,0); (1,1); (2,0)","2,2,1","3,2,0",False,9,6,5,9,7,8,9,10,11,True,True,False,False,False,,,False,False,False,False,False,EXACT_DERIVED
5,"(0,1); (0,2); (1,2); (2,0); (2,1)","(0,0); (0,1); (1,0); (1,2); (2,1)","2,2,1","2,2,1",False,9,9,5,9,7,8,9,10,11,True,True,False,False,False,,,False,False,False,False,False,EXACT_DERIVED
5,"(0,1); (0,2); (1,2); (2,0); (2,2)","(0,0); (0,1); (1,0); (1,2); (2,0)","2,2,1","3,1,1",False,9,9,5,9,7,8,9,10,11,True,True,False,False,False,,,False,False,False,False,False,EXACT_DERIVED
5,"(0,1); (0,2); (1,2); (2,1); (2,2)","(0,0); (0,1); (1,0); (1,1); (2,0)","2,2,1","3,2,0",False,9,6,5,9,7,8,9,10,11,True,True,False,False,False,,,False,False,False,False,False,EXACT_DERIVED
5,"(0,1); (0,2); (2,0); (2,1); (2,2)","(0,0); (0,1); (0,2); (1,0); (1,1)","3,2,0","2,2,1",False,6,9,5,9,7,8,9,10,11,True,True,False,False,False,,,False,False,False,False,False,EXACT_DERIVED
5,"(0,1); (1,0); (1,1); (1,2); (2,0)","(0,0); (0,1); (0,2); (1,0); (2,1)","3,1,1","2,2,1",False,9,9,5,9,7,8,9,10,11,True,True,False,False,False,,,False,False,False,False,False,EXACT_DERIVED
5,"(0,1); (1,0); (1,1); (1,2); (2,1)","(0,0); (0,1); (0,2); (1,0); (2,0)","3,1,1","3,1,1",False,9,9,5,9,7,8,9,10,11,True,True,False,False,False,,,False,False,False,False,False,EXACT_DERIVED
5,"(0,1); (1,0); (1,1); (1,2); (2,2)","(0,0); (0,1); (0,2); (1,0); (2,1)","3,1,1","2,2,1",False,9,9,5,9,7,8,9,10,11,True,True,False,False,False,,,False,False,False,False,False,EXACT_DERIVED
5,"(0,1); (1,0); (1,1); (2,0); (2,1)","(0,0); (0,1); (1,0); (1,1); (2,0)","2,2,1","3,2,0",False,9,6,5,9,7,8,9,10,11,True,True,False,False,False,,,False,False,False,False,False,EXACT_DERIVED
5,"(0,1); (1,0); (1,1); (2,0); (2,2)","(0,0); (0,1); (1,0); (1,2); (2,1)","2,2,1","2,2,1",False,9,9,5,9,7,8,9,10,11,True,True,False,False,False,,,False,False,False,False,False,EXACT_DERIVED
5,"(0,1); (1,0); (1,1); (2,1); (2,2)","(0,0); (0,1); (1,0); (1,2); (2,0)","2,2,1","3,1,1",False,9,9,5,9,7,8,9,10,11,True,True,False,False,False,,,False,False,False,False,False,EXACT_DERIVED
5,"(0,1); (1,0); (1,2); (2,0); (2,1)","(0,0); (0,1); (1,0); (1,2); (2,1)","2,2,1","2,2,1",False,9,9,5,9,7,8,9,10,11,True,True,False,False,False,,,False,False,False,False,False,EXACT_DERIVED
5,"(0,1); (1,0); (1,2); (2,0); (2,2)","(0,0); (0,1); (1,0); (1,1); (2,2)","2,2,1","2,2,1",False,9,9,5,9,7,8,9,10,11,True,True,False,False,False,,,False,False,False,False,False,EXACT_DERIVED
5,"(0,1); (1,0); (1,2); (2,1); (2,2)","(0,0); (0,1); (1,0); (1,2); (2,1)","2,2,1","2,2,1",False,9,9,5,9,7,8,9,10,11,True,True,False,False,False,,,False,False,False,False,False,EXACT_DERIVED
5,"(0,1); (1,0); (2,0); (2,1); (2,2)","(0,0); (0,1); (0,2); (1,0); (2,1)","3,1,1","2,2,1",False,9,9,5,9,7,8,9,10,11,True,True,False,False,False,,,False,False,False,False,False,EXACT_DERIVED
5,"(0,1); (1,1); (1,2); (2,0); (2,1)","(0,0); (0,1); (1,0); (1,2); (2,0)","2,2,1","3,1,1",False,9,9,5,9,7,8,9,10,11,True,True,False,False,False,,,False,False,False,False,False,EXACT_DERIVED
5,"(0,1); (1,1); (1,2); (2,0); (2,2)","(0,0); (0,1); (1,0); (1,2); (2,1)","2,2,1","2,2,1",False,9,9,5,9,7,8,9,10,11,True,True,False,False,False,,,False,False,False,False,False,EXACT_DERIVED
5,"(0,1); (1,1); (1,2); (2,1); (2,2)","(0,0); (0,1); (1,0); (1,1); (2,0)","2,2,1","3,2,0",False,9,6,5,9,7,8,9,10,11,True,True,False,False,False,,,False,False,False,False,False,EXACT_DERIVED
5,"(0,1); (1,1); (2,0); (2,1); (2,2)","(0,0); (0,1); (0,2); (1,0); (2,0)","3,1,1","3,1,1",False,9,9,5,9,7,8,9,10,11,True,True,False,False,False,,,False,False,False,False,False,EXACT_DERIVED
5,"(0,1); (1,2); (2,0); (2,1); (2,2)","(0,0); (0,1); (0,2); (1,0); (2,1)","3,1,1","2,2,1",False,9,9,5,9,7,8,9,10,11,True,True,False,False,False,,,False,False,False,False,False,EXACT_DERIVED
5,"(0,2); (1,0); (1,1); (1,2); (2,0)","(0,0); (0,1); (0,2); (1,0); (2,1)","3,1,1","2,2,1",False,9,9,5,9,7,8,9,10,11,True,True,False,False,False,,,False,False,False,False,False,EXACT_DERIVED
5,"(0,2); (1,0); (1,1); (1,2); (2,1)","(0,0); (0,1); (0,2); (1,0); (2,1)","3,1,1","2,2,1",False,9,9,5,9,7,8,9,10,11,True,True,False,False,False,,,False,False,False,False,False,EXACT_DERIVED
5,"(0,2); (1,0); (1,1); (1,2); (2,2)","(0,0); (0,1); (0,2); (1,0); (2,0)","3,1,1","3,1,1",False,9,9,5,9,7,8,9,10,11,True,True,False,False,False,,,False,False,False,False,False,EXACT_DERIVED
5,"(0,2); (1,0); (1,1); (2,0); (2,1)","(0,0); (0,1); (1,0); (1,1); (2,2)","2,2,1","2,2,1",False,9,9,5,9,7,8,9,10,11,True,True,False,False,False,,,False,False,False,False,False,EXACT_DERIVED
5,"(0,2); (1,0); (1,1); (2,0); (2,2)","(0,0); (0,1); (1,0); (1,2); (2,1)","2,2,1","2,2,1",False,9,9,5,9,7,8,9,10,11,True,True,False,False,False,,,False,False,False,False,False,EXACT_DERIVED
5,"(0,2); (1,0); (1,1); (2,1); (2,2)","(0,0); (0,1); (1,0); (1,2); (2,1)","2,2,1","2,2,1",False,9,9,5,9,7,8,9,10,11,True,True,False,False,False,,,False,False,False,False,False,EXACT_DERIVED
5,"(0,2); (1,0); (1,2); (2,0); (2,1)","(0,0); (0,1); (1,0); (1,2); (2,1)","2,2,1","2,2,1",False,9,9,5,9,7,8,9,10,11,True,True,False,False,False,,,False,False,False,False,False,EXACT_DERIVED
5,"(0,2); (1,0); (1,2); (2,0); (2,2)","(0,0); (0,1); (1,0); (1,1); (2,0)","2,2,1","3,2,0",False,9,6,5,9,7,8,9,10,11,True,True,False,False,False,,,False,False,False,False,False,EXACT_DERIVED
5,"(0,2); (1,0); (1,2); (2,1); (2,2)","(0,0); (0,1); (1,0); (1,2); (2,0)","2,2,1","3,1,1",False,9,9,5,9,7,8,9,10,11,True,True,False,False,False,,,False,False,False,False,False,EXACT_DERIVED
5,"(0,2); (1,0); (2,0); (2,1); (2,2)","(0,0); (0,1); (0,2); (1,0); (2,1)","3,1,1","2,2,1",False,9,9,5,9,7,8,9,10,11,True,True,False,False,False,,,False,False,False,False,False,EXACT_DERIVED
5,"(0,2); (1,1); (1,2); (2,0); (2,1)","(0,0); (0,1); (1,0); (1,2); (2,1)","2,2,1","2,2,1",False,9,9,5,9,7,8,9,10,11,True,True,False,False,False,,,False,False,False,False,False,EXACT_DERIVED
5,"(0,2); (1,1); (1,2); (2,0); (2,2)","(0,0); (0,1); (1,0); (1,2); (2,0)","2,2,1","3,1,1",False,9,9,5,9,7,8,9,10,11,True,True,False,False,False,,,False,False,False,False,False,EXACT_DERIVED
5,"(0,2); (1,1); (1,2); (2,1); (2,2)","(0,0); (0,1); (1,0); (1,1); (2,0)","2,2,1","3,2,0",False,9,6,5,9,7,8,9,10,11,True,True,False,False,False,,,False,False,False,False,False,EXACT_DERIVED
5,"(0,2); (1,1); (2,0); (2,1); (2,2)","(0,0); (0,1); (0,2); (1,0); (2,1)","3,1,1","2,2,1",False,9,9,5,9,7,8,9,10,11,True,True,False,False,False,,,False,False,False,False,False,EXACT_DERIVED
5,"(0,2); (1,2); (2,0); (2,1); (2,2)","(0,0); (0,1); (0,2); (1,0); (2,0)","3,1,1","3,1,1",False,9,9,5,9,7,8,9,10,11,True,True,False,False,False,,,False,False,False,False,False,EXACT_DERIVED
5,"(1,0); (1,1); (1,2); (2,0); (2,1)","(0,0); (0,1); (0,2); (1,0); (1,1)","3,2,0","2,2,1",False,6,9,5,9,7,8,9,10,11,True,True,False,False,False,,,False,False,False,False,False,EXACT_DERIVED
5,"(1,0); (1,1); (1,2); (2,0); (2,2)","(0,0); (0,1); (0,2); (1,0); (1,1)","3,2,0","2,2,1",False,6,9,5,9,7,8,9,10,11,True,True,False,False,False,,,False,False,False,False,False,EXACT_DERIVED
5,"(1,0); (1,1); (1,2); (2,1); (2,2)","(0,0); (0,1); (0,2); (1,0); (1,1)","3,2,0","2,2,1",False,6,9,5,9,7,8,9,10,11,True,True,False,False,False,,,False,False,False,False,False,EXACT_DERIVED
5,"(1,0); (1,1); (2,0); (2,1); (2,2)","(0,0); (0,1); (0,2); (1,0); (1,1)","3,2,0","2,2,1",False,6,9,5,9,7,8,9,10,11,True,True,False,False,False,,,False,False,False,False,False,EXACT_DERIVED
5,"(1,0); (1,2); (2,0); (2,1); (2,2)","(0,0); (0,1); (0,2); (1,0); (1,1)","3,2,0","2,2,1",False,6,9,5,9,7,8,9,10,11,True,True,False,False,False,,,False,False,False,False,False,EXACT_DERIVED
5,"(1,1); (1,2); (2,0); (2,1); (2,2)","(0,0); (0,1); (0,2); (1,0); (1,1)","3,2,0","2,2,1",False,6,9,5,9,7,8,9,10,11,True,True,False,False,False,,,False,False,False,False,False,EXACT_DERIVED
6,"(0,0); (0,1); (0,2); (1,0); (1,1); (1,2)","(0,0); (0,1); (0,2); (1,0); (1,1); (1,2)","3,3,0","2,2,2",True,6,9,6,9,10,11,12,13,14,False,False,False,False,False,15,"known_exact_rank_<2,3,3>",True,True,True,True,True,EXACT_DERIVED
6,"(0,0); (0,1); (0,2); (1,0); (1,1); (2,0)","(0,0); (0,1); (0,2); (1,0); (1,1); (2,0)","3,2,1","3,2,1",False,9,9,6,9,10,11,12,13,14,False,False,False,False,False,,,False,False,False,False,False,EXACT_DERIVED
6,"(0,0); (0,1); (0,2); (1,0); (1,1); (2,1)","(0,0); (0,1); (0,2); (1,0); (1,1); (2,0)","3,2,1","3,2,1",False,9,9,6,9,10,11,12,13,14,False,False,False,False,False,,,False,False,False,False,False,EXACT_DERIVED
6,"(0,0); (0,1); (0,2); (1,0); (1,1); (2,2)","(0,0); (0,1); (0,2); (1,0); (1,1); (2,2)","3,2,1","2,2,2",False,9,9,6,9,10,11,12,13,14,False,False,False,False,False,,,False,False,False,False,False,EXACT_DERIVED
6,"(0,0); (0,1); (0,2); (1,0); (1,2); (2,0)","(0,0); (0,1); (0,2); (1,0); (1,1); (2,0)","3,2,1","3,2,1",False,9,9,6,9,10,11,12,13,14,False,False,False,False,False,,,False,False,False,False,False,EXACT_DERIVED
6,"(0,0); (0,1); (0,2); (1,0); (1,2); (2,1)","(0,0); (0,1); (0,2); (1,0); (1,1); (2,2)","3,2,1","2,2,2",False,9,9,6,9,10,11,12,13,14,False,False,False,False,False,,,False,False,False,False,False,EXACT_DERIVED
6,"(0,0); (0,1); (0,2); (1,0); (1,2); (2,2)","(0,0); (0,1); (0,2); (1,0); (1,1); (2,0)","3,2,1","3,2,1",False,9,9,6,9,10,11,12,13,14,False,False,False,False,False,,,False,False,False,False,False,EXACT_DERIVED
6,"(0,0); (0,1); (0,2); (1,0); (2,0); (2,1)","(0,0); (0,1); (0,2); (1,0); (1,1); (2,0)","3,2,1","3,2,1",False,9,9,6,9,10,11,12,13,14,False,False,False,False,False,,,False,False,False,False,False,EXACT_DERIVED
6,"(0,0); (0,1); (0,2); (1,0); (2,0); (2,2)","(0,0); (0,1); (0,2); (1,0); (1,1); (2,0)","3,2,1","3,2,1",False,9,9,6,9,10,11,12,13,14,False,False,False,False,False,,,False,False,False,False,False,EXACT_DERIVED
6,"(0,0); (0,1); (0,2); (1,0); (2,1); (2,2)","(0,0); (0,1); (0,2); (1,0); (1,1); (2,2)","3,2,1","2,2,2",False,9,9,6,9,10,11,12,13,14,False,False,False,False,False,,,False,False,False,False,False,EXACT_DERIVED
6,"(0,0); (0,1); (0,2); (1,1); (1,2); (2,0)","(0,0); (0,1); (0,2); (1,0); (1,1); (2,2)","3,2,1","2,2,2",False,9,9,6,9,10,11,12,13,14,False,False,False,False,False,,,False,False,False,False,False,EXACT_DERIVED
6,"(0,0); (0,1); (0,2); (1,1); (1,2); (2,1)","(0,0); (0,1); (0,2); (1,0); (1,1); (2,0)","3,2,1","3,2,1",False,9,9,6,9,10,11,12,13,14,False,False,False,False,False,,,False,False,False,False,False,EXACT_DERIVED
6,"(0,0); (0,1); (0,2); (1,1); (1,2); (2,2)","(0,0); (0,1); (0,2); (1,0); (1,1); (2,0)","3,2,1","3,2,1",False,9,9,6,9,10,11,12,13,14,False,False,False,False,False,,,False,False,False,False,False,EXACT_DERIVED
6,"(0,0); (0,1); (0,2); (1,1); (2,0); (2,1)","(0,0); (0,1); (0,2); (1,0); (1,1); (2,0)","3,2,1","3,2,1",False,9,9,6,9,10,11,12,13,14,False,False,False,False,False,,,False,False,False,False,False,EXACT_DERIVED
6,"(0,0); (0,1); (0,2); (1,1); (2,0); (2,2)","(0,0); (0,1); (0,2); (1,0); (1,1); (2,2)","3,2,1","2,2,2",False,9,9,6,9,10,11,12,13,14,False,False,False,False,False,,,False,False,False,False,False,EXACT_DERIVED
6,"(0,0); (0,1); (0,2); (1,1); (2,1); (2,2)","(0,0); (0,1); (0,2); (1,0); (1,1); (2,0)","3,2,1","3,2,1",False,9,9,6,9,10,11,12,13,14,False,False,False,False,False,,,False,False,False,False,False,EXACT_DERIVED
6,"(0,0); (0,1); (0,2); (1,2); (2,0); (2,1)","(0,0); (0,1); (0,2); (1,0); (1,1); (2,2)","3,2,1","2,2,2",False,9,9,6,9,10,11,12,13,14,False,False,False,False,False,,,False,False,False,False,False,EXACT_DERIVED
6,"(0,0); (0,1); (0,2); (1,2); (2,0); (2,2)","(0,0); (0,1); (0,2); (1,0); (1,1); (2,0)","3,2,1","3,2,1",False,9,9,6,9,10,11,12,13,14,False,False,False,False,False,,,False,False,False,False,False,EXACT_DERIVED
6,"(0,0); (0,1); (0,2); (1,2); (2,1); (2,2)","(0,0); (0,1); (0,2); (1,0); (1,1); (2,0)","3,2,1","3,2,1",False,9,9,6,9,10,11,12,13,14,False,False,False,False,False,,,False,False,False,False,False,EXACT_DERIVED
6,"(0,0); (0,1); (0,2); (2,0); (2,1); (2,2)","(0,0); (0,1); (0,2); (1,0); (1,1); (1,2)","3,3,0","2,2,2",True,6,9,6,9,10,11,12,13,14,False,False,False,False,False,15,"known_exact_rank_<2,3,3>",True,True,True,True,True,EXACT_DERIVED
6,"(0,0); (0,1); (1,0); (1,1); (1,2); (2,0)","(0,0); (0,1); (0,2); (1,0); (1,1); (2,0)","3,2,1","3,2,1",False,9,9,6,9,10,11,12,13,14,False,False,False,False,False,,,False,False,False,False,False,EXACT_DERIVED
6,"(0,0); (0,1); (1,0); (1,1); (1,2); (2,1)","(0,0); (0,1); (0,2); (1,0); (1,1); (2,0)","3,2,1","3,2,1",False,9,9,6,9,10,11,12,13,14,False,False,False,False,False,,,False,False,False,False,False,EXACT_DERIVED
6,"(0,0); (0,1); (1,0); (1,1); (1,2); (2,2)","(0,0); (0,1); (0,2); (1,0); (1,1); (2,2)","3,2,1","2,2,2",False,9,9,6,9,10,11,12,13,14,False,False,False,False,False,,,False,False,False,False,False,EXACT_DERIVED
6,"(0,0); (0,1); (1,0); (1,1); (2,0); (2,1)","(0,0); (0,1); (1,0); (1,1); (2,0); (2,1)","2,2,2","3,3,0",True,9,6,6,9,10,11,12,13,14,False,False,False,False,False,15,"known_exact_rank_<3,3,2>",True,True,True,True,True,EXACT_DERIVED
6,"(0,0); (0,1); (1,0); (1,1); (2,0); (2,2)","(0,0); (0,1); (1,0); (1,1); (2,0); (2,2)","2,2,2","3,2,1",False,9,9,6,9,10,11,12,13,14,False,False,False,False,False,,,False,False,False,False,False,EXACT_DERIVED
6,"(0,0); (0,1); (1,0); (1,1); (2,1); (2,2)","(0,0); (0,1); (1,0); (1,1); (2,0); (2,2)","2,2,2","3,2,1",False,9,9,6,9,10,11,12,13,14,False,False,False,False,False,,,False,False,False,False,False,EXACT_DERIVED
6,"(0,0); (0,1); (1,0); (1,2); (2,0); (2,1)","(0,0); (0,1); (1,0); (1,1); (2,0); (2,2)","2,2,2","3,2,1",False,9,9,6,9,10,11,12,13,14,False,False,False,False,False,,,False,False,False,False,False,EXACT_DERIVED
6,"(0,0); (0,1); (1,0); (1,2); (2,0); (2,2)","(0,0); (0,1); (1,0); (1,1); (2,0); (2,2)","2,2,2","3,2,1",False,9,9,6,9,10,11,12,13,14,False,False,False,False,False,,,False,False,False,False,False,EXACT_DERIVED
6,"(0,0); (0,1); (1,0); (1,2); (2,1); (2,2)","(0,0); (0,1); (1,0); (1,2); (2,1); (2,2)","2,2,2","2,2,2",False,9,9,6,9,10,11,12,13,14,False,False,False,False,False,,,False,False,False,False,False,EXACT_DERIVED
6,"(0,0); (0,1); (1,0); (2,0); (2,1); (2,2)","(0,0); (0,1); (0,2); (1,0); (1,1); (2,0)","3,2,1","3,2,1",False,9,9,6,9,10,11,12,13,14,False,False,False,False,False,,,False,False,False,False,False,EXACT_DERIVED
6,"(0,0); (0,1); (1,1); (1,2); (2,0); (2,1)","(0,0); (0,1); (1,0); (1,1); (2,0); (2,2)","2,2,2","3,2,1",False,9,9,6,9,10,11,12,13,14,False,False,False,False,False,,,False,False,False,False,False,EXACT_DERIVED
6,"(0,0); (0,1); (1,1); (1,2); (2,0); (2,2)","(0,0); (0,1); (1,0); (1,2); (2,1); (2,2)","2,2,2","2,2,2",False,9,9,6,9,10,11,12,13,14,False,False,False,False,False,,,False,False,False,False,False,EXACT_DERIVED
6,"(0,0); (0,1); (1,1); (1,2); (2,1); (2,2)","(0,0); (0,1); (1,0); (1,1); (2,0); (2,2)","2,2,2","3,2,1",False,9,9,6,9,10,11,12,13,14,False,False,False,False,False,,,False,False,False,False,False,EXACT_DERIVED
6,"(0,0); (0,1); (1,1); (2,0); (2,1); (2,2)","(0,0); (0,1); (0,2); (1,0); (1,1); (2,0)","3,2,1","3,2,1",False,9,9,6,9,10,11,12,13,14,False,False,False,False,False,,,False,False,False,False,False,EXACT_DERIVED
6,"(0,0); (0,1); (1,2); (2,0); (2,1); (2,2)","(0,0); (0,1); (0,2); (1,0); (1,1); (2,2)","3,2,1","2,2,2",False,9,9,6,9,10,11,12,13,14,False,False,False,False,False,,,False,False,False,False,False,EXACT_DERIVED
6,"(0,0); (0,2); (1,0); (1,1); (1,2); (2,0)","(0,0); (0,1); (0,2); (1,0); (1,1); (2,0)","3,2,1","3,2,1",False,9,9,6,9,10,11,12,13,14,False,False,False,False,False,,,False,False,False,False,False,EXACT_DERIVED
6,"(0,0); (0,2); (1,0); (1,1); (1,2); (2,1)","(0,0); (0,1); (0,2); (1,0); (1,1); (2,2)","3,2,1","2,2,2",False,9,9,6,9,10,11,12,13,14,False,False,False,False,False,,,False,False,False,False,False,EXACT_DERIVED
6,"(0,0); (0,2); (1,0); (1,1); (1,2); (2,2)","(0,0); (0,1); (0,2); (1,0); (1,1); (2,0)","3,2,1","3,2,1",False,9,9,6,9,10,11,12,13,14,False,False,False,False,False,,,False,False,False,False,False,EXACT_DERIVED
6,"(0,0); (0,2); (1,0); (1,1); (2,0); (2,1)","(0,0); (0,1); (1,0); (1,1); (2,0); (2,2)","2,2,2","3,2,1",False,9,9,6,9,10,11,12,13,14,False,False,False,False,False,,,False,False,False,False,False,EXACT_DERIVED
6,"(0,0); (0,2); (1,0); (1,1); (2,0); (2,2)","(0,0); (0,1); (1,0); (1,1); (2,0); (2,2)","2,2,2","3,2,1",False,9,9,6,9,10,11,12,13,14,False,False,False,False,False,,,False,False,False,False,False,EXACT_DERIVED
6,"(0,0); (0,2); (1,0); (1,1); (2,1); (2,2)","(0,0); (0,1); (1,0); (1,2); (2,1); (2,2)","2,2,2","2,2,2",False,9,9,6,9,10,11,12,13,14,False,False,False,False,False,,,False,False,False,False,False,EXACT_DERIVED
6,"(0,0); (0,2); (1,0); (1,2); (2,0); (2,1)","(0,0); (0,1); (1,0); (1,1); (2,0); (2,2)","2,2,2","3,2,1",False,9,9,6,9,10,11,12,13,14,False,False,False,False,False,,,False,False,False,False,False,EXACT_DERIVED
6,"(0,0); (0,2); (1,0); (1,2); (2,0); (2,2)","(0,0); (0,1); (1,0); (1,1); (2,0); (2,1)","2,2,2","3,3,0",True,9,6,6,9,10,11,12,13,14,False,False,False,False,False,15,"known_exact_rank_<3,3,2>",True,True,True,True,True,EXACT_DERIVED
6,"(0,0); (0,2); (1,0); (1,2); (2,1); (2,2)","(0,0); (0,1); (1,0); (1,1); (2,0); (2,2)","2,2,2","3,2,1",False,9,9,6,9,10,11,12,13,14,False,False,False,False,False,,,False,False,False,False,False,EXACT_DERIVED
6,"(0,0); (0,2); (1,0); (2,0); (2,1); (2,2)","(0,0); (0,1); (0,2); (1,0); (1,1); (2,0)","3,2,1","3,2,1",False,9,9,6,9,10,11,12,13,14,False,False,False,False,False,,,False,False,False,False,False,EXACT_DERIVED
6,"(0,0); (0,2); (1,1); (1,2); (2,0); (2,1)","(0,0); (0,1); (1,0); (1,2); (2,1); (2,2)","2,2,2","2,2,2",False,9,9,6,9,10,11,12,13,14,False,False,False,False,False,,,False,False,False,False,False,EXACT_DERIVED
6,"(0,0); (0,2); (1,1); (1,2); (2,0); (2,2)","(0,0); (0,1); (1,0); (1,1); (2,0); (2,2)","2,2,2","3,2,1",False,9,9,6,9,10,11,12,13,14,False,False,False,False,False,,,False,False,False,False,False,EXACT_DERIVED
6,"(0,0); (0,2); (1,1); (1,2); (2,1); (2,2)","(0,0); (0,1); (1,0); (1,1); (2,0); (2,2)","2,2,2","3,2,1",False,9,9,6,9,10,11,12,13,14,False,False,False,False,False,,,False,False,False,False,False,EXACT_DERIVED
6,"(0,0); (0,2); (1,1); (2,0); (2,1); (2,2)","(0,0); (0,1); (0,2); (1,0); (1,1); (2,2)","3,2,1","2,2,2",False,9,9,6,9,10,11,12,13,14,False,False,False,False,False,,,False,False,False,False,False,EXACT_DERIVED
6,"(0,0); (0,2); (1,2); (2,0); (2,1); (2,2)","(0,0); (0,1); (0,2); (1,0); (1,1); (2,0)","3,2,1","3,2,1",False,9,9,6,9,10,11,12,13,14,False,False,False,False,False,,,False,False,False,False,False,EXACT_DERIVED
6,"(0,0); (1,0); (1,1); (1,2); (2,0); (2,1)","(0,0); (0,1); (0,2); (1,0); (1,1); (2,0)","3,2,1","3,2,1",False,9,9,6,9,10,11,12,13,14,False,False,False,False,False,,,False,False,False,False,False,EXACT_DERIVED
6,"(0,0); (1,0); (1,1); (1,2); (2,0); (2,2)","(0,0); (0,1); (0,2); (1,0); (1,1); (2,0)","3,2,1","3,2,1",False,9,9,6,9,10,11,12,13,14,False,False,False,False,False,,,False,False,False,False,False,EXACT_DERIVED
6,"(0,0); (1,0); (1,1); (1,2); (2,1); (2,2)","(0,0); (0,1); (0,2); (1,0); (1,1); (2,2)","3,2,1","2,2,2",False,9,9,6,9,10,11,12,13,14,False,False,False,False,False,,,False,False,False,False,False,EXACT_DERIVED
6,"(0,0); (1,0); (1,1); (2,0); (2,1); (2,2)","(0,0); (0,1); (0,2); (1,0); (1,1); (2,0)","3,2,1","3,2,1",False,9,9,6,9,10,11,12,13,14,False,False,False,False,False,,,False,False,False,False,False,EXACT_DERIVED
6,"(0,0); (1,0); (1,2); (2,0); (2,1); (2,2)","(0,0); (0,1); (0,2); (1,0); (1,1); (2,0)","3,2,1","3,2,1",False,9,9,6,9,10,11,12,13,14,False,False,False,False,False,,,False,False,False,False,False,EXACT_DERIVED
6,"(0,0); (1,1); (1,2); (2,0); (2,1); (2,2)","(0,0); (0,1); (0,2); (1,0); (1,1); (2,2)","3,2,1","2,2,2",False,9,9,6,9,10,11,12,13,14,False,False,False,False,False,,,False,False,False,False,False,EXACT_DERIVED
6,"(0,1); (0,2); (1,0); (1,1); (1,2); (2,0)","(0,0); (0,1); (0,2); (1,0); (1,1); (2,2)","3,2,1","2,2,2",False,9,9,6,9,10,11,12,13,14,False,False,False,False,False,,,False,False,False,False,False,EXACT_DERIVED
6,"(0,1); (0,2); (1,0); (1,1); (1,2); (2,1)","(0,0); (0,1); (0,2); (1,0); (1,1); (2,0)","3,2,1","3,2,1",False,9,9,6,9,10,11,12,13,14,False,False,False,False,False,,,False,False,False,False,False,EXACT_DERIVED
6,"(0,1); (0,2); (1,0); (1,1); (1,2); (2,2)","(0,0); (0,1); (0,2); (1,0); (1,1); (2,0)","3,2,1","3,2,1",False,9,9,6,9,10,11,12,13,14,False,False,False,False,False,,,False,False,False,False,False,EXACT_DERIVED
6,"(0,1); (0,2); (1,0); (1,1); (2,0); (2,1)","(0,0); (0,1); (1,0); (1,1); (2,0); (2,2)","2,2,2","3,2,1",False,9,9,6,9,10,11,12,13,14,False,False,False,False,False,,,False,False,False,False,False,EXACT_DERIVED
6,"(0,1); (0,2); (1,0); (1,1); (2,0); (2,2)","(0,0); (0,1); (1,0); (1,2); (2,1); (2,2)","2,2,2","2,2,2",False,9,9,6,9,10,11,12,13,14,False,False,False,False,False,,,False,False,False,False,False,EXACT_DERIVED
6,"(0,1); (0,2); (1,0); (1,1); (2,1); (2,2)","(0,0); (0,1); (1,0); (1,1); (2,0); (2,2)","2,2,2","3,2,1",False,9,9,6,9,10,11,12,13,14,False,False,False,False,False,,,False,False,False,False,False,EXACT_DERIVED
6,"(0,1); (0,2); (1,0); (1,2); (2,0); (2,1)","(0,0); (0,1); (1,0); (1,2); (2,1); (2,2)","2,2,2","2,2,2",False,9,9,6,9,10,11,12,13,14,False,False,False,False,False,,,False,False,False,False,False,EXACT_DERIVED
6,"(0,1); (0,2); (1,0); (1,2); (2,0); (2,2)","(0,0); (0,1); (1,0); (1,1); (2,0); (2,2)","2,2,2","3,2,1",False,9,9,6,9,10,11,12,13,14,False,False,False,False,False,,,False,False,False,False,False,EXACT_DERIVED
6,"(0,1); (0,2); (1,0); (1,2); (2,1); (2,2)","(0,0); (0,1); (1,0); (1,1); (2,0); (2,2)","2,2,2","3,2,1",False,9,9,6,9,10,11,12,13,14,False,False,False,False,False,,,False,False,False,False,False,EXACT_DERIVED
6,"(0,1); (0,2); (1,0); (2,0); (2,1); (2,2)","(0,0); (0,1); (0,2); (1,0); (1,1); (2,2)","3,2,1","2,2,2",False,9,9,6,9,10,11,12,13,14,False,False,False,False,False,,,False,False,False,False,False,EXACT_DERIVED
6,"(0,1); (0,2); (1,1); (1,2); (2,0); (2,1)","(0,0); (0,1); (1,0); (1,1); (2,0); (2,2)","2,2,2","3,2,1",False,9,9,6,9,10,11,12,13,14,False,False,False,False,False,,,False,False,False,False,False,EXACT_DERIVED
6,"(0,1); (0,2); (1,1); (1,2); (2,0); (2,2)","(0,0); (0,1); (1,0); (1,1); (2,0); (2,2)","2,2,2","3,2,1",False,9,9,6,9,10,11,12,13,14,False,False,False,False,False,,,False,False,False,False,False,EXACT_DERIVED
6,"(0,1); (0,2); (1,1); (1,2); (2,1); (2,2)","(0,0); (0,1); (1,0); (1,1); (2,0); (2,1)","2,2,2","3,3,0",True,9,6,6,9,10,11,12,13,14,False,False,False,False,False,15,"known_exact_rank_<3,3,2>",True,True,True,True,True,EXACT_DERIVED
6,"(0,1); (0,2); (1,1); (2,0); (2,1); (2,2)","(0,0); (0,1); (0,2); (1,0); (1,1); (2,0)","3,2,1","3,2,1",False,9,9,6,9,10,11,12,13,14,False,False,False,False,False,,,False,False,False,False,False,EXACT_DERIVED
6,"(0,1); (0,2); (1,2); (2,0); (2,1); (2,2)","(0,0); (0,1); (0,2); (1,0); (1,1); (2,0)","3,2,1","3,2,1",False,9,9,6,9,10,11,12,13,14,False,False,False,False,False,,,False,False,False,False,False,EXACT_DERIVED
6,"(0,1); (1,0); (1,1); (1,2); (2,0); (2,1)","(0,0); (0,1); (0,2); (1,0); (1,1); (2,0)","3,2,1","3,2,1",False,9,9,6,9,10,11,12,13,14,False,False,False,False,False,,,False,False,False,False,False,EXACT_DERIVED
6,"(0,1); (1,0); (1,1); (1,2); (2,0); (2,2)","(0,0); (0,1); (0,2); (1,0); (1,1); (2,2)","3,2,1","2,2,2",False,9,9,6,9,10,11,12,13,14,False,False,False,False,False,,,False,False,False,False,False,EXACT_DERIVED
6,"(0,1); (1,0); (1,1); (1,2); (2,1); (2,2)","(0,0); (0,1); (0,2); (1,0); (1,1); (2,0)","3,2,1","3,2,1",False,9,9,6,9,10,11,12,13,14,False,False,False,False,False,,,False,False,False,False,False,EXACT_DERIVED
6,"(0,1); (1,0); (1,1); (2,0); (2,1); (2,2)","(0,0); (0,1); (0,2); (1,0); (1,1); (2,0)","3,2,1","3,2,1",False,9,9,6,9,10,11,12,13,14,False,False,False,False,False,,,False,False,False,False,False,EXACT_DERIVED
6,"(0,1); (1,0); (1,2); (2,0); (2,1); (2,2)","(0,0); (0,1); (0,2); (1,0); (1,1); (2,2)","3,2,1","2,2,2",False,9,9,6,9,10,11,12,13,14,False,False,False,False,False,,,False,False,False,False,False,EXACT_DERIVED
6,"(0,1); (1,1); (1,2); (2,0); (2,1); (2,2)","(0,0); (0,1); (0,2); (1,0); (1,1); (2,0)","3,2,1","3,2,1",False,9,9,6,9,10,11,12,13,14,False,False,False,False,False,,,False,False,False,False,False,EXACT_DERIVED
6,"(0,2); (1,0); (1,1); (1,2); (2,0); (2,1)","(0,0); (0,1); (0,2); (1,0); (1,1); (2,2)","3,2,1","2,2,2",False,9,9,6,9,10,11,12,13,14,False,False,False,False,False,,,False,False,False,False,False,EXACT_DERIVED
6,"(0,2); (1,0); (1,1); (1,2); (2,0); (2,2)","(0,0); (0,1); (0,2); (1,0); (1,1); (2,0)","3,2,1","3,2,1",False,9,9,6,9,10,11,12,13,14,False,False,False,False,False,,,False,False,False,False,False,EXACT_DERIVED
6,"(0,2); (1,0); (1,1); (1,2); (2,1); (2,2)","(0,0); (0,1); (0,2); (1,0); (1,1); (2,0)","3,2,1","3,2,1",False,9,9,6,9,10,11,12,13,14,False,False,False,False,False,,,False,False,False,False,False,EXACT_DERIVED
6,"(0,2); (1,0); (1,1); (2,0); (2,1); (2,2)","(0,0); (0,1); (0,2); (1,0); (1,1); (2,2)","3,2,1","2,2,2",False,9,9,6,9,10,11,12,13,14,False,False,False,False,False,,,False,False,False,False,False,EXACT_DERIVED
6,"(0,2); (1,0); (1,2); (2,0); (2,1); (2,2)","(0,0); (0,1); (0,2); (1,0); (1,1); (2,0)","3,2,1","3,2,1",False,9,9,6,9,10,11,12,13,14,False,False,False,False,False,,,False,False,False,False,False,EXACT_DERIVED
6,"(0,2); (1,1); (1,2); (2,0); (2,1); (2,2)","(0,0); (0,1); (0,2); (1,0); (1,1); (2,0)","3,2,1","3,2,1",False,9,9,6,9,10,11,12,13,14,False,False,False,False,False,,,False,False,False,False,False,EXACT_DERIVED
6,"(1,0); (1,1); (1,2); (2,0); (2,1); (2,2)","(0,0); (0,1); (0,2); (1,0); (1,1); (1,2)","3,3,0","2,2,2",True,6,9,6,9,10,11,12,13,14,False,False,False,False,False,15,"known_exact_rank_<2,3,3>",True,True,True,True,True,EXACT_DERIVED
7,"(0,0); (0,1); (0,2); (1,0); (1,1); (1,2); (2,0)","(0,0); (0,1); (0,2); (1,0); (1,1); (1,2); (2,0)","3,3,1","3,2,2",False,9,9,7,9,13,14,15,16,17,False,False,False,False,False,,,False,False,False,False,False,EXACT_DERIVED
7,"(0,0); (0,1); (0,2); (1,0); (1,1); (1,2); (2,1)","(0,0); (0,1); (0,2); (1,0); (1,1); (1,2); (2,0)","3,3,1","3,2,2",False,9,9,7,9,13,14,15,16,17,False,False,False,False,False,,,False,False,False,False,False,EXACT_DERIVED
7,"(0,0); (0,1); (0,2); (1,0); (1,1); (1,2); (2,2)","(0,0); (0,1); (0,2); (1,0); (1,1); (1,2); (2,0)","3,3,1","3,2,2",False,9,9,7,9,13,14,15,16,17,False,False,False,False,False,,,False,False,False,False,False,EXACT_DERIVED
7,"(0,0); (0,1); (0,2); (1,0); (1,1); (2,0); (2,1)","(0,0); (0,1); (0,2); (1,0); (1,1); (2,0); (2,1)","3,2,2","3,3,1",False,9,9,7,9,13,14,15,16,17,False,False,False,False,False,,,False,False,False,False,False,EXACT_DERIVED
7,"(0,0); (0,1); (0,2); (1,0); (1,1); (2,0); (2,2)","(0,0); (0,1); (0,2); (1,0); (1,1); (2,0); (2,2)","3,2,2","3,2,2",False,9,9,7,9,13,14,15,16,17,False,False,False,False,False,,,False,False,False,False,False,EXACT_DERIVED
7,"(0,0); (0,1); (0,2); (1,0); (1,1); (2,1); (2,2)","(0,0); (0,1); (0,2); (1,0); (1,1); (2,0); (2,2)","3,2,2","3,2,2",False,9,9,7,9,13,14,15,16,17,False,False,False,False,False,,,False,False,False,False,False,EXACT_DERIVED
7,"(0,0); (0,1); (0,2); (1,0); (1,2); (2,0); (2,1)","(0,0); (0,1); (0,2); (1,0); (1,1); (2,0); (2,2)","3,2,2","3,2,2",False,9,9,7,9,13,14,15,16,17,False,False,False,False,False,,,False,False,False,False,False,EXACT_DERIVED
7,"(0,0); (0,1); (0,2); (1,0); (1,2); (2,0); (2,2)","(0,0); (0,1); (0,2); (1,0); (1,1); (2,0); (2,1)","3,2,2","3,3,1",False,9,9,7,9,13,14,15,16,17,False,False,False,False,False,,,False,False,False,False,False,EXACT_DERIVED
7,"(0,0); (0,1); (0,2); (1,0); (1,2); (2,1); (2,2)","(0,0); (0,1); (0,2); (1,0); (1,1); (2,0); (2,2)","3,2,2","3,2,2",False,9,9,7,9,13,14,15,16,17,False,False,False,False,False,,,False,False,False,False,False,EXACT_DERIVED
7,"(0,0); (0,1); (0,2); (1,0); (2,0); (2,1); (2,2)","(0,0); (0,1); (0,2); (1,0); (1,1); (1,2); (2,0)","3,3,1","3,2,2",False,9,9,7,9,13,14,15,16,17,False,False,False,False,False,,,False,False,False,False,False,EXACT_DERIVED
7,"(0,0); (0,1); (0,2); (1,1); (1,2); (2,0); (2,1)","(0,0); (0,1); (0,2); (1,0); (1,1); (2,0); (2,2)","3,2,2","3,2,2",False,9,9,7,9,13,14,15,16,17,False,False,False,False,False,,,False,False,False,False,False,EXACT_DERIVED
7,"(0,0); (0,1); (0,2); (1,1); (1,2); (2,0); (2,2)","(0,0); (0,1); (0,2); (1,0); (1,1); (2,0); (2,2)","3,2,2","3,2,2",False,9,9,7,9,13,14,15,16,17,False,False,False,False,False,,,False,False,False,False,False,EXACT_DERIVED
7,"(0,0); (0,1); (0,2); (1,1); (1,2); (2,1); (2,2)","(0,0); (0,1); (0,2); (1,0); (1,1); (2,0); (2,1)","3,2,2","3,3,1",False,9,9,7,9,13,14,15,16,17,False,False,False,False,False,,,False,False,False,False,False,EXACT_DERIVED
7,"(0,0); (0,1); (0,2); (1,1); (2,0); (2,1); (2,2)","(0,0); (0,1); (0,2); (1,0); (1,1); (1,2); (2,0)","3,3,1","3,2,2",False,9,9,7,9,13,14,15,16,17,False,False,False,False,False,,,False,False,False,False,False,EXACT_DERIVED
7,"(0,0); (0,1); (0,2); (1,2); (2,0); (2,1); (2,2)","(0,0); (0,1); (0,2); (1,0); (1,1); (1,2); (2,0)","3,3,1","3,2,2",False,9,9,7,9,13,14,15,16,17,False,False,False,False,False,,,False,False,False,False,False,EXACT_DERIVED
7,"(0,0); (0,1); (1,0); (1,1); (1,2); (2,0); (2,1)","(0,0); (0,1); (0,2); (1,0); (1,1); (2,0); (2,1)","3,2,2","3,3,1",False,9,9,7,9,13,14,15,16,17,False,False,False,False,False,,,False,False,False,False,False,EXACT_DERIVED
7,"(0,0); (0,1); (1,0); (1,1); (1,2); (2,0); (2,2)","(0,0); (0,1); (0,2); (1,0); (1,1); (2,0); (2,2)","3,2,2","3,2,2",False,9,9,7,9,13,14,15,16,17,False,False,False,False,False,,,False,False,False,False,False,EXACT_DERIVED
7,"(0,0); (0,1); (1,0); (1,1); (1,2); (2,1); (2,2)","(0,0); (0,1); (0,2); (1,0); (1,1); (2,0); (2,2)","3,2,2","3,2,2",False,9,9,7,9,13,14,15,16,17,False,False,False,False,False,,,False,False,False,False,False,EXACT_DERIVED
7,"(0,0); (0,1); (1,0); (1,1); (2,0); (2,1); (2,2)","(0,0); (0,1); (0,2); (1,0); (1,1); (2,0); (2,1)","3,2,2","3,3,1",False,9,9,7,9,13,14,15,16,17,False,False,False,False,False,,,False,False,False,False,False,EXACT_DERIVED
7,"(0,0); (0,1); (1,0); (1,2); (2,0); (2,1); (2,2)","(0,0); (0,1); (0,2); (1,0); (1,1); (2,0); (2,2)","3,2,2","3,2,2",False,9,9,7,9,13,14,15,16,17,False,False,False,False,False,,,False,False,False,False,False,EXACT_DERIVED
7,"(0,0); (0,1); (1,1); (1,2); (2,0); (2,1); (2,2)","(0,0); (0,1); (0,2); (1,0); (1,1); (2,0); (2,2)","3,2,2","3,2,2",False,9,9,7,9,13,14,15,16,17,False,False,False,False,False,,,False,False,False,False,False,EXACT_DERIVED
7,"(0,0); (0,2); (1,0); (1,1); (1,2); (2,0); (2,1)","(0,0); (0,1); (0,2); (1,0); (1,1); (2,0); (2,2)","3,2,2","3,2,2",False,9,9,7,9,13,14,15,16,17,False,False,False,False,False,,,False,False,False,False,False,EXACT_DERIVED
7,"(0,0); (0,2); (1,0); (1,1); (1,2); (2,0); (2,2)","(0,0); (0,1); (0,2); (1,0); (1,1); (2,0); (2,1)","3,2,2","3,3,1",False,9,9,7,9,13,14,15,16,17,False,False,False,False,False,,,False,False,False,False,False,EXACT_DERIVED
7,"(0,0); (0,2); (1,0); (1,1); (1,2); (2,1); (2,2)","(0,0); (0,1); (0,2); (1,0); (1,1); (2,0); (2,2)","3,2,2","3,2,2",False,9,9,7,9,13,14,15,16,17,False,False,False,False,False,,,False,False,False,False,False,EXACT_DERIVED
7,"(0,0); (0,2); (1,0); (1,1); (2,0); (2,1); (2,2)","(0,0); (0,1); (0,2); (1,0); (1,1); (2,0); (2,2)","3,2,2","3,2,2",False,9,9,7,9,13,14,15,16,17,False,False,False,False,False,,,False,False,False,False,False,EXACT_DERIVED
7,"(0,0); (0,2); (1,0); (1,2); (2,0); (2,1); (2,2)","(0,0); (0,1); (0,2); (1,0); (1,1); (2,0); (2,1)","3,2,2","3,3,1",False,9,9,7,9,13,14,15,16,17,False,False,False,False,False,,,False,False,False,False,False,EXACT_DERIVED
7,"(0,0); (0,2); (1,1); (1,2); (2,0); (2,1); (2,2)","(0,0); (0,1); (0,2); (1,0); (1,1); (2,0); (2,2)","3,2,2","3,2,2",False,9,9,7,9,13,14,15,16,17,False,False,False,False,False,,,False,False,False,False,False,EXACT_DERIVED
7,"(0,0); (1,0); (1,1); (1,2); (2,0); (2,1); (2,2)","(0,0); (0,1); (0,2); (1,0); (1,1); (1,2); (2,0)","3,3,1","3,2,2",False,9,9,7,9,13,14,15,16,17,False,False,False,False,False,,,False,False,False,False,False,EXACT_DERIVED
7,"(0,1); (0,2); (1,0); (1,1); (1,2); (2,0); (2,1)","(0,0); (0,1); (0,2); (1,0); (1,1); (2,0); (2,2)","3,2,2","3,2,2",False,9,9,7,9,13,14,15,16,17,False,False,False,False,False,,,False,False,False,False,False,EXACT_DERIVED
7,"(0,1); (0,2); (1,0); (1,1); (1,2); (2,0); (2,2)","(0,0); (0,1); (0,2); (1,0); (1,1); (2,0); (2,2)","3,2,2","3,2,2",False,9,9,7,9,13,14,15,16,17,False,False,False,False,False,,,False,False,False,False,False,EXACT_DERIVED
7,"(0,1); (0,2); (1,0); (1,1); (1,2); (2,1); (2,2)","(0,0); (0,1); (0,2); (1,0); (1,1); (2,0); (2,1)","3,2,2","3,3,1",False,9,9,7,9,13,14,15,16,17,False,False,False,False,False,,,False,False,False,False,False,EXACT_DERIVED
7,"(0,1); (0,2); (1,0); (1,1); (2,0); (2,1); (2,2)","(0,0); (0,1); (0,2); (1,0); (1,1); (2,0); (2,2)","3,2,2","3,2,2",False,9,9,7,9,13,14,15,16,17,False,False,False,False,False,,,False,False,False,False,False,EXACT_DERIVED
7,"(0,1); (0,2); (1,0); (1,2); (2,0); (2,1); (2,2)","(0,0); (0,1); (0,2); (1,0); (1,1); (2,0); (2,2)","3,2,2","3,2,2",False,9,9,7,9,13,14,15,16,17,False,False,False,False,False,,,False,False,False,False,False,EXACT_DERIVED
7,"(0,1); (0,2); (1,1); (1,2); (2,0); (2,1); (2,2)","(0,0); (0,1); (0,2); (1,0); (1,1); (2,0); (2,1)","3,2,2","3,3,1",False,9,9,7,9,13,14,15,16,17,False,False,False,False,False,,,False,False,False,False,False,EXACT_DERIVED
7,"(0,1); (1,0); (1,1); (1,2); (2,0); (2,1); (2,2)","(0,0); (0,1); (0,2); (1,0); (1,1); (1,2); (2,0)","3,3,1","3,2,2",False,9,9,7,9,13,14,15,16,17,False,False,False,False,False,,,False,False,False,False,False,EXACT_DERIVED
7,"(0,2); (1,0); (1,1); (1,2); (2,0); (2,1); (2,2)","(0,0); (0,1); (0,2); (1,0); (1,1); (1,2); (2,0)","3,3,1","3,2,2",False,9,9,7,9,13,14,15,16,17,False,False,False,False,False,,,False,False,False,False,False,EXACT_DERIVED
8,"(0,0); (0,1); (0,2); (1,0); (1,1); (1,2); (2,0); (2,1)","(0,0); (0,1); (0,2); (1,0); (1,1); (1,2); (2,0); (2,1)","3,3,2","3,3,2",False,9,9,8,9,16,17,18,19,20,False,False,False,False,False,,,False,False,False,False,False,EXACT_DERIVED
8,"(0,0); (0,1); (0,2); (1,0); (1,1); (1,2); (2,0); (2,2)","(0,0); (0,1); (0,2); (1,0); (1,1); (1,2); (2,0); (2,1)","3,3,2","3,3,2",False,9,9,8,9,16,17,18,19,20,False,False,False,False,False,,,False,False,False,False,False,EXACT_DERIVED
8,"(0,0); (0,1); (0,2); (1,0); (1,1); (1,2); (2,1); (2,2)","(0,0); (0,1); (0,2); (1,0); (1,1); (1,2); (2,0); (2,1)","3,3,2","3,3,2",False,9,9,8,9,16,17,18,19,20,False,False,False,False,False,,,False,False,False,False,False,EXACT_DERIVED
8,"(0,0); (0,1); (0,2); (1,0); (1,1); (2,0); (2,1); (2,2)","(0,0); (0,1); (0,2); (1,0); (1,1); (1,2); (2,0); (2,1)","3,3,2","3,3,2",False,9,9,8,9,16,17,18,19,20,False,False,False,False,False,,,False,False,False,False,False,EXACT_DERIVED
8,"(0,0); (0,1); (0,2); (1,0); (1,2); (2,0); (2,1); (2,2)","(0,0); (0,1); (0,2); (1,0); (1,1); (1,2); (2,0); (2,1)","3,3,2","3,3,2",False,9,9,8,9,16,17,18,19,20,False,False,False,False,False,,,False,False,False,False,False,EXACT_DERIVED
8,"(0,0); (0,1); (0,2); (1,1); (1,2); (2,0); (2,1); (2,2)","(0,0); (0,1); (0,2); (1,0); (1,1); (1,2); (2,0); (2,1)","3,3,2","3,3,2",False,9,9,8,9,16,17,18,19,20,False,False,False,False,False,,,False,False,False,False,False,EXACT_DERIVED
8,"(0,0); (0,1); (1,0); (1,1); (1,2); (2,0); (2,1); (2,2)","(0,0); (0,1); (0,2); (1,0); (1,1); (1,2); (2,0); (2,1)","3,3,2","3,3,2",False,9,9,8,9,16,17,18,19,20,False,False,False,False,False,,,False,False,False,False,False,EXACT_DERIVED
8,"(0,0); (0,2); (1,0); (1,1); (1,2); (2,0); (2,1); (2,2)","(0,0); (0,1); (0,2); (1,0); (1,1); (1,2); (2,0); (2,1)","3,3,2","3,3,2",False,9,9,8,9,16,17,18,19,20,False,False,False,False,False,,,False,False,False,False,False,EXACT_DERIVED
8,"(0,1); (0,2); (1,0); (1,1); (1,2); (2,0); (2,1); (2,2)","(0,0); (0,1); (0,2); (1,0); (1,1); (1,2); (2,0); (2,1)","3,3,2","3,3,2",False,9,9,8,9,16,17,18,19,20,False,False,False,False,False,,,False,False,False,False,False,EXACT_DERIVED
9,"(0,0); (0,1); (0,2); (1,0); (1,1); (1,2); (2,0); (2,1); (2,2)","(0,0); (0,1); (0,2); (1,0); (1,1); (1,2); (2,0); (2,1); (2,2)","3,3,3","3,3,3",True,9,9,9,9,19,20,21,22,23,False,False,False,False,False,,,False,False,False,False,False,EXACT_DERIVED
