term_id,output_cell,fiber,value,nonzero,provenance
t01,"C[0,0]","(0,0)",0,False,EXACT_DERIVED
t01,"C[0,0]","(0,1)",0,False,EXACT_DERIVED
t01,"C[0,0]","(0,2)",0,False,EXACT_DERIVED
t01,"C[0,0]","(1,0)",0,False,EXACT_DERIVED
t01,"C[0,0]","(1,1)",0,False,EXACT_DERIVED
t01,"C[0,0]","(1,2)",0,False,EXACT_DERIVED
t01,"C[0,0]","(2,0)",0,False,EXACT_DERIVED
t01,"C[0,0]","(2,1)",0,False,EXACT_DERIVED
t01,"C[0,0]","(2,2)",0,False,EXACT_DERIVED
t01,"C[0,1]","(0,0)",0,False,EXACT_DERIVED
t01,"C[0,1]","(0,1)",1,True,EXACT_DERIVED
t01,"C[0,1]","(0,2)",0,False,EXACT_DERIVED
t01,"C[0,1]","(1,0)",0,False,EXACT_DERIVED
t01,"C[0,1]","(1,1)",1,True,EXACT_DERIVED
t01,"C[0,1]","(1,2)",0,False,EXACT_DERIVED
t01,"C[0,1]","(2,0)",0,False,EXACT_DERIVED
t01,"C[0,1]","(2,1)",0,False,EXACT_DERIVED
t01,"C[0,1]","(2,2)",0,False,EXACT_DERIVED
t01,"C[0,2]","(0,0)",0,False,EXACT_DERIVED
t01,"C[0,2]","(0,1)",1,True,EXACT_DERIVED
t01,"C[0,2]","(0,2)",0,False,EXACT_DERIVED
t01,"C[0,2]","(1,0)",0,False,EXACT_DERIVED
t01,"C[0,2]","(1,1)",1,True,EXACT_DERIVED
t01,"C[0,2]","(1,2)",0,False,EXACT_DERIVED
t01,"C[0,2]","(2,0)",0,False,EXACT_DERIVED
t01,"C[0,2]","(2,1)",0,False,EXACT_DERIVED
t01,"C[0,2]","(2,2)",0,False,EXACT_DERIVED
t01,"C[1,0]","(0,0)",0,False,EXACT_DERIVED
t01,"C[1,0]","(0,1)",0,False,EXACT_DERIVED
t01,"C[1,0]","(0,2)",0,False,EXACT_DERIVED
t01,"C[1,0]","(1,0)",0,False,EXACT_DERIVED
t01,"C[1,0]","(1,1)",0,False,EXACT_DERIVED
t01,"C[1,0]","(1,2)",0,False,EXACT_DERIVED
t01,"C[1,0]","(2,0)",0,False,EXACT_DERIVED
t01,"C[1,0]","(2,1)",0,False,EXACT_DERIVED
t01,"C[1,0]","(2,2)",0,False,EXACT_DERIVED
t01,"C[1,1]","(0,0)",0,False,EXACT_DERIVED
t01,"C[1,1]","(0,1)",0,False,EXACT_DERIVED
t01,"C[1,1]","(0,2)",0,False,EXACT_DERIVED
t01,"C[1,1]","(1,0)",0,False,EXACT_DERIVED
t01,"C[1,1]","(1,1)",0,False,EXACT_DERIVED
t01,"C[1,1]","(1,2)",0,False,EXACT_DERIVED
t01,"C[1,1]","(2,0)",0,False,EXACT_DERIVED
t01,"C[1,1]","(2,1)",0,False,EXACT_DERIVED
t01,"C[1,1]","(2,2)",0,False,EXACT_DERIVED
t01,"C[1,2]","(0,0)",0,False,EXACT_DERIVED
t01,"C[1,2]","(0,1)",0,False,EXACT_DERIVED
t01,"C[1,2]","(0,2)",0,False,EXACT_DERIVED
t01,"C[1,2]","(1,0)",0,False,EXACT_DERIVED
t01,"C[1,2]","(1,1)",0,False,EXACT_DERIVED
t01,"C[1,2]","(1,2)",0,False,EXACT_DERIVED
t01,"C[1,2]","(2,0)",0,False,EXACT_DERIVED
t01,"C[1,2]","(2,1)",0,False,EXACT_DERIVED
t01,"C[1,2]","(2,2)",0,False,EXACT_DERIVED
t01,"C[2,0]","(0,0)",0,False,EXACT_DERIVED
t01,"C[2,0]","(0,1)",0,False,EXACT_DERIVED
t01,"C[2,0]","(0,2)",0,False,EXACT_DERIVED
t01,"C[2,0]","(1,0)",0,False,EXACT_DERIVED
t01,"C[2,0]","(1,1)",0,False,EXACT_DERIVED
t01,"C[2,0]","(1,2)",0,False,EXACT_DERIVED
t01,"C[2,0]","(2,0)",0,False,EXACT_DERIVED
t01,"C[2,0]","(2,1)",0,False,EXACT_DERIVED
t01,"C[2,0]","(2,2)",0,False,EXACT_DERIVED
t01,"C[2,1]","(0,0)",0,False,EXACT_DERIVED
t01,"C[2,1]","(0,1)",0,False,EXACT_DERIVED
t01,"C[2,1]","(0,2)",0,False,EXACT_DERIVED
t01,"C[2,1]","(1,0)",0,False,EXACT_DERIVED
t01,"C[2,1]","(1,1)",0,False,EXACT_DERIVED
t01,"C[2,1]","(1,2)",0,False,EXACT_DERIVED
t01,"C[2,1]","(2,0)",0,False,EXACT_DERIVED
t01,"C[2,1]","(2,1)",0,False,EXACT_DERIVED
t01,"C[2,1]","(2,2)",0,False,EXACT_DERIVED
t01,"C[2,2]","(0,0)",0,False,EXACT_DERIVED
t01,"C[2,2]","(0,1)",0,False,EXACT_DERIVED
t01,"C[2,2]","(0,2)",0,False,EXACT_DERIVED
t01,"C[2,2]","(1,0)",0,False,EXACT_DERIVED
t01,"C[2,2]","(1,1)",0,False,EXACT_DERIVED
t01,"C[2,2]","(1,2)",0,False,EXACT_DERIVED
t01,"C[2,2]","(2,0)",0,False,EXACT_DERIVED
t01,"C[2,2]","(2,1)",0,False,EXACT_DERIVED
t01,"C[2,2]","(2,2)",0,False,EXACT_DERIVED
t02,"C[0,0]","(0,0)",0,False,EXACT_DERIVED
t02,"C[0,0]","(0,1)",0,False,EXACT_DERIVED
t02,"C[0,0]","(0,2)",0,False,EXACT_DERIVED
t02,"C[0,0]","(1,0)",0,False,EXACT_DERIVED
t02,"C[0,0]","(1,1)",0,False,EXACT_DERIVED
t02,"C[0,0]","(1,2)",0,False,EXACT_DERIVED
t02,"C[0,0]","(2,0)",0,False,EXACT_DERIVED
t02,"C[0,0]","(2,1)",0,False,EXACT_DERIVED
t02,"C[0,0]","(2,2)",0,False,EXACT_DERIVED
t02,"C[0,1]","(0,0)",0,False,EXACT_DERIVED
t02,"C[0,1]","(0,1)",0,False,EXACT_DERIVED
t02,"C[0,1]","(0,2)",1,True,EXACT_DERIVED
t02,"C[0,1]","(1,0)",0,False,EXACT_DERIVED
t02,"C[0,1]","(1,1)",-1,True,EXACT_DERIVED
t02,"C[0,1]","(1,2)",1,True,EXACT_DERIVED
t02,"C[0,1]","(2,0)",0,False,EXACT_DERIVED
t02,"C[0,1]","(2,1)",0,False,EXACT_DERIVED
t02,"C[0,1]","(2,2)",0,False,EXACT_DERIVED
t02,"C[0,2]","(0,0)",0,False,EXACT_DERIVED
t02,"C[0,2]","(0,1)",0,False,EXACT_DERIVED
t02,"C[0,2]","(0,2)",1,True,EXACT_DERIVED
t02,"C[0,2]","(1,0)",0,False,EXACT_DERIVED
t02,"C[0,2]","(1,1)",-1,True,EXACT_DERIVED
t02,"C[0,2]","(1,2)",1,True,EXACT_DERIVED
t02,"C[0,2]","(2,0)",0,False,EXACT_DERIVED
t02,"C[0,2]","(2,1)",0,False,EXACT_DERIVED
t02,"C[0,2]","(2,2)",0,False,EXACT_DERIVED
t02,"C[1,0]","(0,0)",0,False,EXACT_DERIVED
t02,"C[1,0]","(0,1)",0,False,EXACT_DERIVED
t02,"C[1,0]","(0,2)",0,False,EXACT_DERIVED
t02,"C[1,0]","(1,0)",0,False,EXACT_DERIVED
t02,"C[1,0]","(1,1)",0,False,EXACT_DERIVED
t02,"C[1,0]","(1,2)",0,False,EXACT_DERIVED
t02,"C[1,0]","(2,0)",0,False,EXACT_DERIVED
t02,"C[1,0]","(2,1)",0,False,EXACT_DERIVED
t02,"C[1,0]","(2,2)",0,False,EXACT_DERIVED
t02,"C[1,1]","(0,0)",0,False,EXACT_DERIVED
t02,"C[1,1]","(0,1)",0,False,EXACT_DERIVED
t02,"C[1,1]","(0,2)",-1,True,EXACT_DERIVED
t02,"C[1,1]","(1,0)",0,False,EXACT_DERIVED
t02,"C[1,1]","(1,1)",1,True,EXACT_DERIVED
t02,"C[1,1]","(1,2)",-1,True,EXACT_DERIVED
t02,"C[1,1]","(2,0)",0,False,EXACT_DERIVED
t02,"C[1,1]","(2,1)",0,False,EXACT_DERIVED
t02,"C[1,1]","(2,2)",0,False,EXACT_DERIVED
t02,"C[1,2]","(0,0)",0,False,EXACT_DERIVED
t02,"C[1,2]","(0,1)",0,False,EXACT_DERIVED
t02,"C[1,2]","(0,2)",0,False,EXACT_DERIVED
t02,"C[1,2]","(1,0)",0,False,EXACT_DERIVED
t02,"C[1,2]","(1,1)",0,False,EXACT_DERIVED
t02,"C[1,2]","(1,2)",0,False,EXACT_DERIVED
t02,"C[1,2]","(2,0)",0,False,EXACT_DERIVED
t02,"C[1,2]","(2,1)",0,False,EXACT_DERIVED
t02,"C[1,2]","(2,2)",0,False,EXACT_DERIVED
t02,"C[2,0]","(0,0)",0,False,EXACT_DERIVED
t02,"C[2,0]","(0,1)",0,False,EXACT_DERIVED
t02,"C[2,0]","(0,2)",0,False,EXACT_DERIVED
t02,"C[2,0]","(1,0)",0,False,EXACT_DERIVED
t02,"C[2,0]","(1,1)",0,False,EXACT_DERIVED
t02,"C[2,0]","(1,2)",0,False,EXACT_DERIVED
t02,"C[2,0]","(2,0)",0,False,EXACT_DERIVED
t02,"C[2,0]","(2,1)",0,False,EXACT_DERIVED
t02,"C[2,0]","(2,2)",0,False,EXACT_DERIVED
t02,"C[2,1]","(0,0)",0,False,EXACT_DERIVED
t02,"C[2,1]","(0,1)",0,False,EXACT_DERIVED
t02,"C[2,1]","(0,2)",0,False,EXACT_DERIVED
t02,"C[2,1]","(1,0)",0,False,EXACT_DERIVED
t02,"C[2,1]","(1,1)",0,False,EXACT_DERIVED
t02,"C[2,1]","(1,2)",0,False,EXACT_DERIVED
t02,"C[2,1]","(2,0)",0,False,EXACT_DERIVED
t02,"C[2,1]","(2,1)",0,False,EXACT_DERIVED
t02,"C[2,1]","(2,2)",0,False,EXACT_DERIVED
t02,"C[2,2]","(0,0)",0,False,EXACT_DERIVED
t02,"C[2,2]","(0,1)",0,False,EXACT_DERIVED
t02,"C[2,2]","(0,2)",0,False,EXACT_DERIVED
t02,"C[2,2]","(1,0)",0,False,EXACT_DERIVED
t02,"C[2,2]","(1,1)",0,False,EXACT_DERIVED
t02,"C[2,2]","(1,2)",0,False,EXACT_DERIVED
t02,"C[2,2]","(2,0)",0,False,EXACT_DERIVED
t02,"C[2,2]","(2,1)",0,False,EXACT_DERIVED
t02,"C[2,2]","(2,2)",0,False,EXACT_DERIVED
t03,"C[0,0]","(0,0)",0,False,EXACT_DERIVED
t03,"C[0,0]","(0,1)",0,False,EXACT_DERIVED
t03,"C[0,0]","(0,2)",0,False,EXACT_DERIVED
t03,"C[0,0]","(1,0)",0,False,EXACT_DERIVED
t03,"C[0,0]","(1,1)",0,False,EXACT_DERIVED
t03,"C[0,0]","(1,2)",0,False,EXACT_DERIVED
t03,"C[0,0]","(2,0)",0,False,EXACT_DERIVED
t03,"C[0,0]","(2,1)",0,False,EXACT_DERIVED
t03,"C[0,0]","(2,2)",0,False,EXACT_DERIVED
t03,"C[0,1]","(0,0)",0,False,EXACT_DERIVED
t03,"C[0,1]","(0,1)",0,False,EXACT_DERIVED
t03,"C[0,1]","(0,2)",0,False,EXACT_DERIVED
t03,"C[0,1]","(1,0)",0,False,EXACT_DERIVED
t03,"C[0,1]","(1,1)",0,False,EXACT_DERIVED
t03,"C[0,1]","(1,2)",0,False,EXACT_DERIVED
t03,"C[0,1]","(2,0)",0,False,EXACT_DERIVED
t03,"C[0,1]","(2,1)",0,False,EXACT_DERIVED
t03,"C[0,1]","(2,2)",0,False,EXACT_DERIVED
t03,"C[0,2]","(0,0)",0,False,EXACT_DERIVED
t03,"C[0,2]","(0,1)",0,False,EXACT_DERIVED
t03,"C[0,2]","(0,2)",0,False,EXACT_DERIVED
t03,"C[0,2]","(1,0)",0,False,EXACT_DERIVED
t03,"C[0,2]","(1,1)",0,False,EXACT_DERIVED
t03,"C[0,2]","(1,2)",0,False,EXACT_DERIVED
t03,"C[0,2]","(2,0)",0,False,EXACT_DERIVED
t03,"C[0,2]","(2,1)",0,False,EXACT_DERIVED
t03,"C[0,2]","(2,2)",0,False,EXACT_DERIVED
t03,"C[1,0]","(0,0)",0,False,EXACT_DERIVED
t03,"C[1,0]","(0,1)",0,False,EXACT_DERIVED
t03,"C[1,0]","(0,2)",0,False,EXACT_DERIVED
t03,"C[1,0]","(1,0)",0,False,EXACT_DERIVED
t03,"C[1,0]","(1,1)",0,False,EXACT_DERIVED
t03,"C[1,0]","(1,2)",0,False,EXACT_DERIVED
t03,"C[1,0]","(2,0)",0,False,EXACT_DERIVED
t03,"C[1,0]","(2,1)",0,False,EXACT_DERIVED
t03,"C[1,0]","(2,2)",0,False,EXACT_DERIVED
t03,"C[1,1]","(0,0)",0,False,EXACT_DERIVED
t03,"C[1,1]","(0,1)",1,True,EXACT_DERIVED
t03,"C[1,1]","(0,2)",0,False,EXACT_DERIVED
t03,"C[1,1]","(1,0)",0,False,EXACT_DERIVED
t03,"C[1,1]","(1,1)",1,True,EXACT_DERIVED
t03,"C[1,1]","(1,2)",0,False,EXACT_DERIVED
t03,"C[1,1]","(2,0)",0,False,EXACT_DERIVED
t03,"C[1,1]","(2,1)",0,False,EXACT_DERIVED
t03,"C[1,1]","(2,2)",0,False,EXACT_DERIVED
t03,"C[1,2]","(0,0)",0,False,EXACT_DERIVED
t03,"C[1,2]","(0,1)",0,False,EXACT_DERIVED
t03,"C[1,2]","(0,2)",0,False,EXACT_DERIVED
t03,"C[1,2]","(1,0)",0,False,EXACT_DERIVED
t03,"C[1,2]","(1,1)",0,False,EXACT_DERIVED
t03,"C[1,2]","(1,2)",0,False,EXACT_DERIVED
t03,"C[1,2]","(2,0)",0,False,EXACT_DERIVED
t03,"C[1,2]","(2,1)",0,False,EXACT_DERIVED
t03,"C[1,2]","(2,2)",0,False,EXACT_DERIVED
t03,"C[2,0]","(0,0)",0,False,EXACT_DERIVED
t03,"C[2,0]","(0,1)",0,False,EXACT_DERIVED
t03,"C[2,0]","(0,2)",0,False,EXACT_DERIVED
t03,"C[2,0]","(1,0)",0,False,EXACT_DERIVED
t03,"C[2,0]","(1,1)",0,False,EXACT_DERIVED
t03,"C[2,0]","(1,2)",0,False,EXACT_DERIVED
t03,"C[2,0]","(2,0)",0,False,EXACT_DERIVED
t03,"C[2,0]","(2,1)",0,False,EXACT_DERIVED
t03,"C[2,0]","(2,2)",0,False,EXACT_DERIVED
t03,"C[2,1]","(0,0)",0,False,EXACT_DERIVED
t03,"C[2,1]","(0,1)",0,False,EXACT_DERIVED
t03,"C[2,1]","(0,2)",0,False,EXACT_DERIVED
t03,"C[2,1]","(1,0)",0,False,EXACT_DERIVED
t03,"C[2,1]","(1,1)",0,False,EXACT_DERIVED
t03,"C[2,1]","(1,2)",0,False,EXACT_DERIVED
t03,"C[2,1]","(2,0)",0,False,EXACT_DERIVED
t03,"C[2,1]","(2,1)",0,False,EXACT_DERIVED
t03,"C[2,1]","(2,2)",0,False,EXACT_DERIVED
t03,"C[2,2]","(0,0)",0,False,EXACT_DERIVED
t03,"C[2,2]","(0,1)",0,False,EXACT_DERIVED
t03,"C[2,2]","(0,2)",0,False,EXACT_DERIVED
t03,"C[2,2]","(1,0)",0,False,EXACT_DERIVED
t03,"C[2,2]","(1,1)",0,False,EXACT_DERIVED
t03,"C[2,2]","(1,2)",0,False,EXACT_DERIVED
t03,"C[2,2]","(2,0)",0,False,EXACT_DERIVED
t03,"C[2,2]","(2,1)",0,False,EXACT_DERIVED
t03,"C[2,2]","(2,2)",0,False,EXACT_DERIVED
t04,"C[0,0]","(0,0)",0,False,EXACT_DERIVED
t04,"C[0,0]","(0,1)",0,False,EXACT_DERIVED
t04,"C[0,0]","(0,2)",0,False,EXACT_DERIVED
t04,"C[0,0]","(1,0)",0,False,EXACT_DERIVED
t04,"C[0,0]","(1,1)",0,False,EXACT_DERIVED
t04,"C[0,0]","(1,2)",0,False,EXACT_DERIVED
t04,"C[0,0]","(2,0)",0,False,EXACT_DERIVED
t04,"C[0,0]","(2,1)",0,False,EXACT_DERIVED
t04,"C[0,0]","(2,2)",0,False,EXACT_DERIVED
t04,"C[0,1]","(0,0)",0,False,EXACT_DERIVED
t04,"C[0,1]","(0,1)",1,True,EXACT_DERIVED
t04,"C[0,1]","(0,2)",0,False,EXACT_DERIVED
t04,"C[0,1]","(1,0)",0,False,EXACT_DERIVED
t04,"C[0,1]","(1,1)",0,False,EXACT_DERIVED
t04,"C[0,1]","(1,2)",0,False,EXACT_DERIVED
t04,"C[0,1]","(2,0)",0,False,EXACT_DERIVED
t04,"C[0,1]","(2,1)",0,False,EXACT_DERIVED
t04,"C[0,1]","(2,2)",0,False,EXACT_DERIVED
t04,"C[0,2]","(0,0)",0,False,EXACT_DERIVED
t04,"C[0,2]","(0,1)",0,False,EXACT_DERIVED
t04,"C[0,2]","(0,2)",0,False,EXACT_DERIVED
t04,"C[0,2]","(1,0)",0,False,EXACT_DERIVED
t04,"C[0,2]","(1,1)",0,False,EXACT_DERIVED
t04,"C[0,2]","(1,2)",0,False,EXACT_DERIVED
t04,"C[0,2]","(2,0)",0,False,EXACT_DERIVED
t04,"C[0,2]","(2,1)",0,False,EXACT_DERIVED
t04,"C[0,2]","(2,2)",0,False,EXACT_DERIVED
t04,"C[1,0]","(0,0)",0,False,EXACT_DERIVED
t04,"C[1,0]","(0,1)",0,False,EXACT_DERIVED
t04,"C[1,0]","(0,2)",0,False,EXACT_DERIVED
t04,"C[1,0]","(1,0)",0,False,EXACT_DERIVED
t04,"C[1,0]","(1,1)",0,False,EXACT_DERIVED
t04,"C[1,0]","(1,2)",0,False,EXACT_DERIVED
t04,"C[1,0]","(2,0)",0,False,EXACT_DERIVED
t04,"C[1,0]","(2,1)",0,False,EXACT_DERIVED
t04,"C[1,0]","(2,2)",0,False,EXACT_DERIVED
t04,"C[1,1]","(0,0)",0,False,EXACT_DERIVED
t04,"C[1,1]","(0,1)",-1,True,EXACT_DERIVED
t04,"C[1,1]","(0,2)",0,False,EXACT_DERIVED
t04,"C[1,1]","(1,0)",0,False,EXACT_DERIVED
t04,"C[1,1]","(1,1)",0,False,EXACT_DERIVED
t04,"C[1,1]","(1,2)",0,False,EXACT_DERIVED
t04,"C[1,1]","(2,0)",0,False,EXACT_DERIVED
t04,"C[1,1]","(2,1)",0,False,EXACT_DERIVED
t04,"C[1,1]","(2,2)",0,False,EXACT_DERIVED
t04,"C[1,2]","(0,0)",0,False,EXACT_DERIVED
t04,"C[1,2]","(0,1)",0,False,EXACT_DERIVED
t04,"C[1,2]","(0,2)",0,False,EXACT_DERIVED
t04,"C[1,2]","(1,0)",0,False,EXACT_DERIVED
t04,"C[1,2]","(1,1)",0,False,EXACT_DERIVED
t04,"C[1,2]","(1,2)",0,False,EXACT_DERIVED
t04,"C[1,2]","(2,0)",0,False,EXACT_DERIVED
t04,"C[1,2]","(2,1)",0,False,EXACT_DERIVED
t04,"C[1,2]","(2,2)",0,False,EXACT_DERIVED
t04,"C[2,0]","(0,0)",0,False,EXACT_DERIVED
t04,"C[2,0]","(0,1)",0,False,EXACT_DERIVED
t04,"C[2,0]","(0,2)",0,False,EXACT_DERIVED
t04,"C[2,0]","(1,0)",0,False,EXACT_DERIVED
t04,"C[2,0]","(1,1)",0,False,EXACT_DERIVED
t04,"C[2,0]","(1,2)",0,False,EXACT_DERIVED
t04,"C[2,0]","(2,0)",0,False,EXACT_DERIVED
t04,"C[2,0]","(2,1)",0,False,EXACT_DERIVED
t04,"C[2,0]","(2,2)",0,False,EXACT_DERIVED
t04,"C[2,1]","(0,0)",0,False,EXACT_DERIVED
t04,"C[2,1]","(0,1)",-1,True,EXACT_DERIVED
t04,"C[2,1]","(0,2)",0,False,EXACT_DERIVED
t04,"C[2,1]","(1,0)",0,False,EXACT_DERIVED
t04,"C[2,1]","(1,1)",0,False,EXACT_DERIVED
t04,"C[2,1]","(1,2)",0,False,EXACT_DERIVED
t04,"C[2,1]","(2,0)",0,False,EXACT_DERIVED
t04,"C[2,1]","(2,1)",0,False,EXACT_DERIVED
t04,"C[2,1]","(2,2)",0,False,EXACT_DERIVED
t04,"C[2,2]","(0,0)",0,False,EXACT_DERIVED
t04,"C[2,2]","(0,1)",0,False,EXACT_DERIVED
t04,"C[2,2]","(0,2)",0,False,EXACT_DERIVED
t04,"C[2,2]","(1,0)",0,False,EXACT_DERIVED
t04,"C[2,2]","(1,1)",0,False,EXACT_DERIVED
t04,"C[2,2]","(1,2)",0,False,EXACT_DERIVED
t04,"C[2,2]","(2,0)",0,False,EXACT_DERIVED
t04,"C[2,2]","(2,1)",0,False,EXACT_DERIVED
t04,"C[2,2]","(2,2)",0,False,EXACT_DERIVED
t05,"C[0,0]","(0,0)",0,False,EXACT_DERIVED
t05,"C[0,0]","(0,1)",0,False,EXACT_DERIVED
t05,"C[0,0]","(0,2)",0,False,EXACT_DERIVED
t05,"C[0,0]","(1,0)",0,False,EXACT_DERIVED
t05,"C[0,0]","(1,1)",0,False,EXACT_DERIVED
t05,"C[0,0]","(1,2)",0,False,EXACT_DERIVED
t05,"C[0,0]","(2,0)",0,False,EXACT_DERIVED
t05,"C[0,0]","(2,1)",0,False,EXACT_DERIVED
t05,"C[0,0]","(2,2)",0,False,EXACT_DERIVED
t05,"C[0,1]","(0,0)",0,False,EXACT_DERIVED
t05,"C[0,1]","(0,1)",0,False,EXACT_DERIVED
t05,"C[0,1]","(0,2)",0,False,EXACT_DERIVED
t05,"C[0,1]","(1,0)",0,False,EXACT_DERIVED
t05,"C[0,1]","(1,1)",0,False,EXACT_DERIVED
t05,"C[0,1]","(1,2)",0,False,EXACT_DERIVED
t05,"C[0,1]","(2,0)",0,False,EXACT_DERIVED
t05,"C[0,1]","(2,1)",0,False,EXACT_DERIVED
t05,"C[0,1]","(2,2)",0,False,EXACT_DERIVED
t05,"C[0,2]","(0,0)",0,False,EXACT_DERIVED
t05,"C[0,2]","(0,1)",0,False,EXACT_DERIVED
t05,"C[0,2]","(0,2)",1,True,EXACT_DERIVED
t05,"C[0,2]","(1,0)",0,False,EXACT_DERIVED
t05,"C[0,2]","(1,1)",0,False,EXACT_DERIVED
t05,"C[0,2]","(1,2)",0,False,EXACT_DERIVED
t05,"C[0,2]","(2,0)",0,False,EXACT_DERIVED
t05,"C[0,2]","(2,1)",1,True,EXACT_DERIVED
t05,"C[0,2]","(2,2)",0,False,EXACT_DERIVED
t05,"C[1,0]","(0,0)",0,False,EXACT_DERIVED
t05,"C[1,0]","(0,1)",0,False,EXACT_DERIVED
t05,"C[1,0]","(0,2)",0,False,EXACT_DERIVED
t05,"C[1,0]","(1,0)",0,False,EXACT_DERIVED
t05,"C[1,0]","(1,1)",0,False,EXACT_DERIVED
t05,"C[1,0]","(1,2)",0,False,EXACT_DERIVED
t05,"C[1,0]","(2,0)",0,False,EXACT_DERIVED
t05,"C[1,0]","(2,1)",0,False,EXACT_DERIVED
t05,"C[1,0]","(2,2)",0,False,EXACT_DERIVED
t05,"C[1,1]","(0,0)",0,False,EXACT_DERIVED
t05,"C[1,1]","(0,1)",0,False,EXACT_DERIVED
t05,"C[1,1]","(0,2)",0,False,EXACT_DERIVED
t05,"C[1,1]","(1,0)",0,False,EXACT_DERIVED
t05,"C[1,1]","(1,1)",0,False,EXACT_DERIVED
t05,"C[1,1]","(1,2)",0,False,EXACT_DERIVED
t05,"C[1,1]","(2,0)",0,False,EXACT_DERIVED
t05,"C[1,1]","(2,1)",0,False,EXACT_DERIVED
t05,"C[1,1]","(2,2)",0,False,EXACT_DERIVED
t05,"C[1,2]","(0,0)",0,False,EXACT_DERIVED
t05,"C[1,2]","(0,1)",0,False,EXACT_DERIVED
t05,"C[1,2]","(0,2)",0,False,EXACT_DERIVED
t05,"C[1,2]","(1,0)",0,False,EXACT_DERIVED
t05,"C[1,2]","(1,1)",0,False,EXACT_DERIVED
t05,"C[1,2]","(1,2)",0,False,EXACT_DERIVED
t05,"C[1,2]","(2,0)",0,False,EXACT_DERIVED
t05,"C[1,2]","(2,1)",0,False,EXACT_DERIVED
t05,"C[1,2]","(2,2)",0,False,EXACT_DERIVED
t05,"C[2,0]","(0,0)",0,False,EXACT_DERIVED
t05,"C[2,0]","(0,1)",0,False,EXACT_DERIVED
t05,"C[2,0]","(0,2)",0,False,EXACT_DERIVED
t05,"C[2,0]","(1,0)",0,False,EXACT_DERIVED
t05,"C[2,0]","(1,1)",0,False,EXACT_DERIVED
t05,"C[2,0]","(1,2)",0,False,EXACT_DERIVED
t05,"C[2,0]","(2,0)",0,False,EXACT_DERIVED
t05,"C[2,0]","(2,1)",0,False,EXACT_DERIVED
t05,"C[2,0]","(2,2)",0,False,EXACT_DERIVED
t05,"C[2,1]","(0,0)",0,False,EXACT_DERIVED
t05,"C[2,1]","(0,1)",0,False,EXACT_DERIVED
t05,"C[2,1]","(0,2)",1,True,EXACT_DERIVED
t05,"C[2,1]","(1,0)",0,False,EXACT_DERIVED
t05,"C[2,1]","(1,1)",0,False,EXACT_DERIVED
t05,"C[2,1]","(1,2)",0,False,EXACT_DERIVED
t05,"C[2,1]","(2,0)",0,False,EXACT_DERIVED
t05,"C[2,1]","(2,1)",1,True,EXACT_DERIVED
t05,"C[2,1]","(2,2)",0,False,EXACT_DERIVED
t05,"C[2,2]","(0,0)",0,False,EXACT_DERIVED
t05,"C[2,2]","(0,1)",0,False,EXACT_DERIVED
t05,"C[2,2]","(0,2)",0,False,EXACT_DERIVED
t05,"C[2,2]","(1,0)",0,False,EXACT_DERIVED
t05,"C[2,2]","(1,1)",0,False,EXACT_DERIVED
t05,"C[2,2]","(1,2)",0,False,EXACT_DERIVED
t05,"C[2,2]","(2,0)",0,False,EXACT_DERIVED
t05,"C[2,2]","(2,1)",0,False,EXACT_DERIVED
t05,"C[2,2]","(2,2)",0,False,EXACT_DERIVED
t06,"C[0,0]","(0,0)",0,False,EXACT_DERIVED
t06,"C[0,0]","(0,1)",0,False,EXACT_DERIVED
t06,"C[0,0]","(0,2)",0,False,EXACT_DERIVED
t06,"C[0,0]","(1,0)",0,False,EXACT_DERIVED
t06,"C[0,0]","(1,1)",0,False,EXACT_DERIVED
t06,"C[0,0]","(1,2)",0,False,EXACT_DERIVED
t06,"C[0,0]","(2,0)",0,False,EXACT_DERIVED
t06,"C[0,0]","(2,1)",0,False,EXACT_DERIVED
t06,"C[0,0]","(2,2)",0,False,EXACT_DERIVED
t06,"C[0,1]","(0,0)",0,False,EXACT_DERIVED
t06,"C[0,1]","(0,1)",0,False,EXACT_DERIVED
t06,"C[0,1]","(0,2)",0,False,EXACT_DERIVED
t06,"C[0,1]","(1,0)",0,False,EXACT_DERIVED
t06,"C[0,1]","(1,1)",0,False,EXACT_DERIVED
t06,"C[0,1]","(1,2)",0,False,EXACT_DERIVED
t06,"C[0,1]","(2,0)",0,False,EXACT_DERIVED
t06,"C[0,1]","(2,1)",0,False,EXACT_DERIVED
t06,"C[0,1]","(2,2)",0,False,EXACT_DERIVED
t06,"C[0,2]","(0,0)",0,False,EXACT_DERIVED
t06,"C[0,2]","(0,1)",0,False,EXACT_DERIVED
t06,"C[0,2]","(0,2)",0,False,EXACT_DERIVED
t06,"C[0,2]","(1,0)",0,False,EXACT_DERIVED
t06,"C[0,2]","(1,1)",0,False,EXACT_DERIVED
t06,"C[0,2]","(1,2)",0,False,EXACT_DERIVED
t06,"C[0,2]","(2,0)",0,False,EXACT_DERIVED
t06,"C[0,2]","(2,1)",0,False,EXACT_DERIVED
t06,"C[0,2]","(2,2)",0,False,EXACT_DERIVED
t06,"C[1,0]","(0,0)",0,False,EXACT_DERIVED
t06,"C[1,0]","(0,1)",0,False,EXACT_DERIVED
t06,"C[1,0]","(0,2)",0,False,EXACT_DERIVED
t06,"C[1,0]","(1,0)",0,False,EXACT_DERIVED
t06,"C[1,0]","(1,1)",0,False,EXACT_DERIVED
t06,"C[1,0]","(1,2)",0,False,EXACT_DERIVED
t06,"C[1,0]","(2,0)",0,False,EXACT_DERIVED
t06,"C[1,0]","(2,1)",0,False,EXACT_DERIVED
t06,"C[1,0]","(2,2)",0,False,EXACT_DERIVED
t06,"C[1,1]","(0,0)",0,False,EXACT_DERIVED
t06,"C[1,1]","(0,1)",1,True,EXACT_DERIVED
t06,"C[1,1]","(0,2)",0,False,EXACT_DERIVED
t06,"C[1,1]","(1,0)",0,False,EXACT_DERIVED
t06,"C[1,1]","(1,1)",1,True,EXACT_DERIVED
t06,"C[1,1]","(1,2)",0,False,EXACT_DERIVED
t06,"C[1,1]","(2,0)",0,False,EXACT_DERIVED
t06,"C[1,1]","(2,1)",0,False,EXACT_DERIVED
t06,"C[1,1]","(2,2)",0,False,EXACT_DERIVED
t06,"C[1,2]","(0,0)",0,False,EXACT_DERIVED
t06,"C[1,2]","(0,1)",0,False,EXACT_DERIVED
t06,"C[1,2]","(0,2)",0,False,EXACT_DERIVED
t06,"C[1,2]","(1,0)",0,False,EXACT_DERIVED
t06,"C[1,2]","(1,1)",0,False,EXACT_DERIVED
t06,"C[1,2]","(1,2)",0,False,EXACT_DERIVED
t06,"C[1,2]","(2,0)",0,False,EXACT_DERIVED
t06,"C[1,2]","(2,1)",0,False,EXACT_DERIVED
t06,"C[1,2]","(2,2)",0,False,EXACT_DERIVED
t06,"C[2,0]","(0,0)",0,False,EXACT_DERIVED
t06,"C[2,0]","(0,1)",0,False,EXACT_DERIVED
t06,"C[2,0]","(0,2)",0,False,EXACT_DERIVED
t06,"C[2,0]","(1,0)",0,False,EXACT_DERIVED
t06,"C[2,0]","(1,1)",0,False,EXACT_DERIVED
t06,"C[2,0]","(1,2)",0,False,EXACT_DERIVED
t06,"C[2,0]","(2,0)",0,False,EXACT_DERIVED
t06,"C[2,0]","(2,1)",0,False,EXACT_DERIVED
t06,"C[2,0]","(2,2)",0,False,EXACT_DERIVED
t06,"C[2,1]","(0,0)",0,False,EXACT_DERIVED
t06,"C[2,1]","(0,1)",0,False,EXACT_DERIVED
t06,"C[2,1]","(0,2)",0,False,EXACT_DERIVED
t06,"C[2,1]","(1,0)",0,False,EXACT_DERIVED
t06,"C[2,1]","(1,1)",0,False,EXACT_DERIVED
t06,"C[2,1]","(1,2)",0,False,EXACT_DERIVED
t06,"C[2,1]","(2,0)",0,False,EXACT_DERIVED
t06,"C[2,1]","(2,1)",0,False,EXACT_DERIVED
t06,"C[2,1]","(2,2)",0,False,EXACT_DERIVED
t06,"C[2,2]","(0,0)",0,False,EXACT_DERIVED
t06,"C[2,2]","(0,1)",0,False,EXACT_DERIVED
t06,"C[2,2]","(0,2)",0,False,EXACT_DERIVED
t06,"C[2,2]","(1,0)",0,False,EXACT_DERIVED
t06,"C[2,2]","(1,1)",0,False,EXACT_DERIVED
t06,"C[2,2]","(1,2)",0,False,EXACT_DERIVED
t06,"C[2,2]","(2,0)",0,False,EXACT_DERIVED
t06,"C[2,2]","(2,1)",0,False,EXACT_DERIVED
t06,"C[2,2]","(2,2)",0,False,EXACT_DERIVED
t07,"C[0,0]","(0,0)",1,True,EXACT_DERIVED
t07,"C[0,0]","(0,1)",0,False,EXACT_DERIVED
t07,"C[0,0]","(0,2)",0,False,EXACT_DERIVED
t07,"C[0,0]","(1,0)",0,False,EXACT_DERIVED
t07,"C[0,0]","(1,1)",0,False,EXACT_DERIVED
t07,"C[0,0]","(1,2)",0,False,EXACT_DERIVED
t07,"C[0,0]","(2,0)",0,False,EXACT_DERIVED
t07,"C[0,0]","(2,1)",-1,True,EXACT_DERIVED
t07,"C[0,0]","(2,2)",1,True,EXACT_DERIVED
t07,"C[0,1]","(0,0)",0,False,EXACT_DERIVED
t07,"C[0,1]","(0,1)",0,False,EXACT_DERIVED
t07,"C[0,1]","(0,2)",0,False,EXACT_DERIVED
t07,"C[0,1]","(1,0)",0,False,EXACT_DERIVED
t07,"C[0,1]","(1,1)",0,False,EXACT_DERIVED
t07,"C[0,1]","(1,2)",0,False,EXACT_DERIVED
t07,"C[0,1]","(2,0)",0,False,EXACT_DERIVED
t07,"C[0,1]","(2,1)",0,False,EXACT_DERIVED
t07,"C[0,1]","(2,2)",0,False,EXACT_DERIVED
t07,"C[0,2]","(0,0)",0,False,EXACT_DERIVED
t07,"C[0,2]","(0,1)",0,False,EXACT_DERIVED
t07,"C[0,2]","(0,2)",0,False,EXACT_DERIVED
t07,"C[0,2]","(1,0)",0,False,EXACT_DERIVED
t07,"C[0,2]","(1,1)",0,False,EXACT_DERIVED
t07,"C[0,2]","(1,2)",0,False,EXACT_DERIVED
t07,"C[0,2]","(2,0)",0,False,EXACT_DERIVED
t07,"C[0,2]","(2,1)",0,False,EXACT_DERIVED
t07,"C[0,2]","(2,2)",0,False,EXACT_DERIVED
t07,"C[1,0]","(0,0)",0,False,EXACT_DERIVED
t07,"C[1,0]","(0,1)",0,False,EXACT_DERIVED
t07,"C[1,0]","(0,2)",0,False,EXACT_DERIVED
t07,"C[1,0]","(1,0)",0,False,EXACT_DERIVED
t07,"C[1,0]","(1,1)",0,False,EXACT_DERIVED
t07,"C[1,0]","(1,2)",0,False,EXACT_DERIVED
t07,"C[1,0]","(2,0)",0,False,EXACT_DERIVED
t07,"C[1,0]","(2,1)",0,False,EXACT_DERIVED
t07,"C[1,0]","(2,2)",0,False,EXACT_DERIVED
t07,"C[1,1]","(0,0)",0,False,EXACT_DERIVED
t07,"C[1,1]","(0,1)",0,False,EXACT_DERIVED
t07,"C[1,1]","(0,2)",0,False,EXACT_DERIVED
t07,"C[1,1]","(1,0)",0,False,EXACT_DERIVED
t07,"C[1,1]","(1,1)",0,False,EXACT_DERIVED
t07,"C[1,1]","(1,2)",0,False,EXACT_DERIVED
t07,"C[1,1]","(2,0)",0,False,EXACT_DERIVED
t07,"C[1,1]","(2,1)",0,False,EXACT_DERIVED
t07,"C[1,1]","(2,2)",0,False,EXACT_DERIVED
t07,"C[1,2]","(0,0)",0,False,EXACT_DERIVED
t07,"C[1,2]","(0,1)",0,False,EXACT_DERIVED
t07,"C[1,2]","(0,2)",0,False,EXACT_DERIVED
t07,"C[1,2]","(1,0)",0,False,EXACT_DERIVED
t07,"C[1,2]","(1,1)",0,False,EXACT_DERIVED
t07,"C[1,2]","(1,2)",0,False,EXACT_DERIVED
t07,"C[1,2]","(2,0)",0,False,EXACT_DERIVED
t07,"C[1,2]","(2,1)",0,False,EXACT_DERIVED
t07,"C[1,2]","(2,2)",0,False,EXACT_DERIVED
t07,"C[2,0]","(0,0)",0,False,EXACT_DERIVED
t07,"C[2,0]","(0,1)",0,False,EXACT_DERIVED
t07,"C[2,0]","(0,2)",0,False,EXACT_DERIVED
t07,"C[2,0]","(1,0)",0,False,EXACT_DERIVED
t07,"C[2,0]","(1,1)",0,False,EXACT_DERIVED
t07,"C[2,0]","(1,2)",0,False,EXACT_DERIVED
t07,"C[2,0]","(2,0)",0,False,EXACT_DERIVED
t07,"C[2,0]","(2,1)",0,False,EXACT_DERIVED
t07,"C[2,0]","(2,2)",0,False,EXACT_DERIVED
t07,"C[2,1]","(0,0)",-1,True,EXACT_DERIVED
t07,"C[2,1]","(0,1)",0,False,EXACT_DERIVED
t07,"C[2,1]","(0,2)",0,False,EXACT_DERIVED
t07,"C[2,1]","(1,0)",0,False,EXACT_DERIVED
t07,"C[2,1]","(1,1)",0,False,EXACT_DERIVED
t07,"C[2,1]","(1,2)",0,False,EXACT_DERIVED
t07,"C[2,1]","(2,0)",0,False,EXACT_DERIVED
t07,"C[2,1]","(2,1)",1,True,EXACT_DERIVED
t07,"C[2,1]","(2,2)",-1,True,EXACT_DERIVED
t07,"C[2,2]","(0,0)",0,False,EXACT_DERIVED
t07,"C[2,2]","(0,1)",0,False,EXACT_DERIVED
t07,"C[2,2]","(0,2)",0,False,EXACT_DERIVED
t07,"C[2,2]","(1,0)",0,False,EXACT_DERIVED
t07,"C[2,2]","(1,1)",0,False,EXACT_DERIVED
t07,"C[2,2]","(1,2)",0,False,EXACT_DERIVED
t07,"C[2,2]","(2,0)",0,False,EXACT_DERIVED
t07,"C[2,2]","(2,1)",0,False,EXACT_DERIVED
t07,"C[2,2]","(2,2)",0,False,EXACT_DERIVED
t08,"C[0,0]","(0,0)",0,False,EXACT_DERIVED
t08,"C[0,0]","(0,1)",-1,True,EXACT_DERIVED
t08,"C[0,0]","(0,2)",1,True,EXACT_DERIVED
t08,"C[0,0]","(1,0)",0,False,EXACT_DERIVED
t08,"C[0,0]","(1,1)",0,False,EXACT_DERIVED
t08,"C[0,0]","(1,2)",0,False,EXACT_DERIVED
t08,"C[0,0]","(2,0)",0,False,EXACT_DERIVED
t08,"C[0,0]","(2,1)",0,False,EXACT_DERIVED
t08,"C[0,0]","(2,2)",0,False,EXACT_DERIVED
t08,"C[0,1]","(0,0)",0,False,EXACT_DERIVED
t08,"C[0,1]","(0,1)",1,True,EXACT_DERIVED
t08,"C[0,1]","(0,2)",-1,True,EXACT_DERIVED
t08,"C[0,1]","(1,0)",0,False,EXACT_DERIVED
t08,"C[0,1]","(1,1)",0,False,EXACT_DERIVED
t08,"C[0,1]","(1,2)",0,False,EXACT_DERIVED
t08,"C[0,1]","(2,0)",0,False,EXACT_DERIVED
t08,"C[0,1]","(2,1)",0,False,EXACT_DERIVED
t08,"C[0,1]","(2,2)",0,False,EXACT_DERIVED
t08,"C[0,2]","(0,0)",0,False,EXACT_DERIVED
t08,"C[0,2]","(0,1)",0,False,EXACT_DERIVED
t08,"C[0,2]","(0,2)",0,False,EXACT_DERIVED
t08,"C[0,2]","(1,0)",0,False,EXACT_DERIVED
t08,"C[0,2]","(1,1)",0,False,EXACT_DERIVED
t08,"C[0,2]","(1,2)",0,False,EXACT_DERIVED
t08,"C[0,2]","(2,0)",0,False,EXACT_DERIVED
t08,"C[0,2]","(2,1)",0,False,EXACT_DERIVED
t08,"C[0,2]","(2,2)",0,False,EXACT_DERIVED
t08,"C[1,0]","(0,0)",0,False,EXACT_DERIVED
t08,"C[1,0]","(0,1)",0,False,EXACT_DERIVED
t08,"C[1,0]","(0,2)",0,False,EXACT_DERIVED
t08,"C[1,0]","(1,0)",0,False,EXACT_DERIVED
t08,"C[1,0]","(1,1)",0,False,EXACT_DERIVED
t08,"C[1,0]","(1,2)",0,False,EXACT_DERIVED
t08,"C[1,0]","(2,0)",0,False,EXACT_DERIVED
t08,"C[1,0]","(2,1)",0,False,EXACT_DERIVED
t08,"C[1,0]","(2,2)",0,False,EXACT_DERIVED
t08,"C[1,1]","(0,0)",0,False,EXACT_DERIVED
t08,"C[1,1]","(0,1)",-1,True,EXACT_DERIVED
t08,"C[1,1]","(0,2)",1,True,EXACT_DERIVED
t08,"C[1,1]","(1,0)",0,False,EXACT_DERIVED
t08,"C[1,1]","(1,1)",0,False,EXACT_DERIVED
t08,"C[1,1]","(1,2)",0,False,EXACT_DERIVED
t08,"C[1,1]","(2,0)",0,False,EXACT_DERIVED
t08,"C[1,1]","(2,1)",0,False,EXACT_DERIVED
t08,"C[1,1]","(2,2)",0,False,EXACT_DERIVED
t08,"C[1,2]","(0,0)",0,False,EXACT_DERIVED
t08,"C[1,2]","(0,1)",0,False,EXACT_DERIVED
t08,"C[1,2]","(0,2)",0,False,EXACT_DERIVED
t08,"C[1,2]","(1,0)",0,False,EXACT_DERIVED
t08,"C[1,2]","(1,1)",0,False,EXACT_DERIVED
t08,"C[1,2]","(1,2)",0,False,EXACT_DERIVED
t08,"C[1,2]","(2,0)",0,False,EXACT_DERIVED
t08,"C[1,2]","(2,1)",0,False,EXACT_DERIVED
t08,"C[1,2]","(2,2)",0,False,EXACT_DERIVED
t08,"C[2,0]","(0,0)",0,False,EXACT_DERIVED
t08,"C[2,0]","(0,1)",0,False,EXACT_DERIVED
t08,"C[2,0]","(0,2)",0,False,EXACT_DERIVED
t08,"C[2,0]","(1,0)",0,False,EXACT_DERIVED
t08,"C[2,0]","(1,1)",0,False,EXACT_DERIVED
t08,"C[2,0]","(1,2)",0,False,EXACT_DERIVED
t08,"C[2,0]","(2,0)",0,False,EXACT_DERIVED
t08,"C[2,0]","(2,1)",0,False,EXACT_DERIVED
t08,"C[2,0]","(2,2)",0,False,EXACT_DERIVED
t08,"C[2,1]","(0,0)",0,False,EXACT_DERIVED
t08,"C[2,1]","(0,1)",0,False,EXACT_DERIVED
t08,"C[2,1]","(0,2)",0,False,EXACT_DERIVED
t08,"C[2,1]","(1,0)",0,False,EXACT_DERIVED
t08,"C[2,1]","(1,1)",0,False,EXACT_DERIVED
t08,"C[2,1]","(1,2)",0,False,EXACT_DERIVED
t08,"C[2,1]","(2,0)",0,False,EXACT_DERIVED
t08,"C[2,1]","(2,1)",0,False,EXACT_DERIVED
t08,"C[2,1]","(2,2)",0,False,EXACT_DERIVED
t08,"C[2,2]","(0,0)",0,False,EXACT_DERIVED
t08,"C[2,2]","(0,1)",0,False,EXACT_DERIVED
t08,"C[2,2]","(0,2)",0,False,EXACT_DERIVED
t08,"C[2,2]","(1,0)",0,False,EXACT_DERIVED
t08,"C[2,2]","(1,1)",0,False,EXACT_DERIVED
t08,"C[2,2]","(1,2)",0,False,EXACT_DERIVED
t08,"C[2,2]","(2,0)",0,False,EXACT_DERIVED
t08,"C[2,2]","(2,1)",0,False,EXACT_DERIVED
t08,"C[2,2]","(2,2)",0,False,EXACT_DERIVED
t09,"C[0,0]","(0,0)",1,True,EXACT_DERIVED
t09,"C[0,0]","(0,1)",1,True,EXACT_DERIVED
t09,"C[0,0]","(0,2)",-1,True,EXACT_DERIVED
t09,"C[0,0]","(1,0)",0,False,EXACT_DERIVED
t09,"C[0,0]","(1,1)",0,False,EXACT_DERIVED
t09,"C[0,0]","(1,2)",0,False,EXACT_DERIVED
t09,"C[0,0]","(2,0)",1,True,EXACT_DERIVED
t09,"C[0,0]","(2,1)",1,True,EXACT_DERIVED
t09,"C[0,0]","(2,2)",-1,True,EXACT_DERIVED
t09,"C[0,1]","(0,0)",0,False,EXACT_DERIVED
t09,"C[0,1]","(0,1)",0,False,EXACT_DERIVED
t09,"C[0,1]","(0,2)",0,False,EXACT_DERIVED
t09,"C[0,1]","(1,0)",0,False,EXACT_DERIVED
t09,"C[0,1]","(1,1)",0,False,EXACT_DERIVED
t09,"C[0,1]","(1,2)",0,False,EXACT_DERIVED
t09,"C[0,1]","(2,0)",0,False,EXACT_DERIVED
t09,"C[0,1]","(2,1)",0,False,EXACT_DERIVED
t09,"C[0,1]","(2,2)",0,False,EXACT_DERIVED
t09,"C[0,2]","(0,0)",0,False,EXACT_DERIVED
t09,"C[0,2]","(0,1)",0,False,EXACT_DERIVED
t09,"C[0,2]","(0,2)",0,False,EXACT_DERIVED
t09,"C[0,2]","(1,0)",0,False,EXACT_DERIVED
t09,"C[0,2]","(1,1)",0,False,EXACT_DERIVED
t09,"C[0,2]","(1,2)",0,False,EXACT_DERIVED
t09,"C[0,2]","(2,0)",0,False,EXACT_DERIVED
t09,"C[0,2]","(2,1)",0,False,EXACT_DERIVED
t09,"C[0,2]","(2,2)",0,False,EXACT_DERIVED
t09,"C[1,0]","(0,0)",0,False,EXACT_DERIVED
t09,"C[1,0]","(0,1)",0,False,EXACT_DERIVED
t09,"C[1,0]","(0,2)",0,False,EXACT_DERIVED
t09,"C[1,0]","(1,0)",0,False,EXACT_DERIVED
t09,"C[1,0]","(1,1)",0,False,EXACT_DERIVED
t09,"C[1,0]","(1,2)",0,False,EXACT_DERIVED
t09,"C[1,0]","(2,0)",0,False,EXACT_DERIVED
t09,"C[1,0]","(2,1)",0,False,EXACT_DERIVED
t09,"C[1,0]","(2,2)",0,False,EXACT_DERIVED
t09,"C[1,1]","(0,0)",0,False,EXACT_DERIVED
t09,"C[1,1]","(0,1)",0,False,EXACT_DERIVED
t09,"C[1,1]","(0,2)",0,False,EXACT_DERIVED
t09,"C[1,1]","(1,0)",0,False,EXACT_DERIVED
t09,"C[1,1]","(1,1)",0,False,EXACT_DERIVED
t09,"C[1,1]","(1,2)",0,False,EXACT_DERIVED
t09,"C[1,1]","(2,0)",0,False,EXACT_DERIVED
t09,"C[1,1]","(2,1)",0,False,EXACT_DERIVED
t09,"C[1,1]","(2,2)",0,False,EXACT_DERIVED
t09,"C[1,2]","(0,0)",0,False,EXACT_DERIVED
t09,"C[1,2]","(0,1)",0,False,EXACT_DERIVED
t09,"C[1,2]","(0,2)",0,False,EXACT_DERIVED
t09,"C[1,2]","(1,0)",0,False,EXACT_DERIVED
t09,"C[1,2]","(1,1)",0,False,EXACT_DERIVED
t09,"C[1,2]","(1,2)",0,False,EXACT_DERIVED
t09,"C[1,2]","(2,0)",0,False,EXACT_DERIVED
t09,"C[1,2]","(2,1)",0,False,EXACT_DERIVED
t09,"C[1,2]","(2,2)",0,False,EXACT_DERIVED
t09,"C[2,0]","(0,0)",0,False,EXACT_DERIVED
t09,"C[2,0]","(0,1)",0,False,EXACT_DERIVED
t09,"C[2,0]","(0,2)",0,False,EXACT_DERIVED
t09,"C[2,0]","(1,0)",0,False,EXACT_DERIVED
t09,"C[2,0]","(1,1)",0,False,EXACT_DERIVED
t09,"C[2,0]","(1,2)",0,False,EXACT_DERIVED
t09,"C[2,0]","(2,0)",0,False,EXACT_DERIVED
t09,"C[2,0]","(2,1)",0,False,EXACT_DERIVED
t09,"C[2,0]","(2,2)",0,False,EXACT_DERIVED
t09,"C[2,1]","(0,0)",0,False,EXACT_DERIVED
t09,"C[2,1]","(0,1)",0,False,EXACT_DERIVED
t09,"C[2,1]","(0,2)",0,False,EXACT_DERIVED
t09,"C[2,1]","(1,0)",0,False,EXACT_DERIVED
t09,"C[2,1]","(1,1)",0,False,EXACT_DERIVED
t09,"C[2,1]","(1,2)",0,False,EXACT_DERIVED
t09,"C[2,1]","(2,0)",0,False,EXACT_DERIVED
t09,"C[2,1]","(2,1)",0,False,EXACT_DERIVED
t09,"C[2,1]","(2,2)",0,False,EXACT_DERIVED
t09,"C[2,2]","(0,0)",0,False,EXACT_DERIVED
t09,"C[2,2]","(0,1)",0,False,EXACT_DERIVED
t09,"C[2,2]","(0,2)",0,False,EXACT_DERIVED
t09,"C[2,2]","(1,0)",0,False,EXACT_DERIVED
t09,"C[2,2]","(1,1)",0,False,EXACT_DERIVED
t09,"C[2,2]","(1,2)",0,False,EXACT_DERIVED
t09,"C[2,2]","(2,0)",0,False,EXACT_DERIVED
t09,"C[2,2]","(2,1)",0,False,EXACT_DERIVED
t09,"C[2,2]","(2,2)",0,False,EXACT_DERIVED
t10,"C[0,0]","(0,0)",0,False,EXACT_DERIVED
t10,"C[0,0]","(0,1)",0,False,EXACT_DERIVED
t10,"C[0,0]","(0,2)",0,False,EXACT_DERIVED
t10,"C[0,0]","(1,0)",0,False,EXACT_DERIVED
t10,"C[0,0]","(1,1)",0,False,EXACT_DERIVED
t10,"C[0,0]","(1,2)",0,False,EXACT_DERIVED
t10,"C[0,0]","(2,0)",0,False,EXACT_DERIVED
t10,"C[0,0]","(2,1)",0,False,EXACT_DERIVED
t10,"C[0,0]","(2,2)",0,False,EXACT_DERIVED
t10,"C[0,1]","(0,0)",0,False,EXACT_DERIVED
t10,"C[0,1]","(0,1)",0,False,EXACT_DERIVED
t10,"C[0,1]","(0,2)",0,False,EXACT_DERIVED
t10,"C[0,1]","(1,0)",0,False,EXACT_DERIVED
t10,"C[0,1]","(1,1)",0,False,EXACT_DERIVED
t10,"C[0,1]","(1,2)",0,False,EXACT_DERIVED
t10,"C[0,1]","(2,0)",0,False,EXACT_DERIVED
t10,"C[0,1]","(2,1)",0,False,EXACT_DERIVED
t10,"C[0,1]","(2,2)",0,False,EXACT_DERIVED
t10,"C[0,2]","(0,0)",0,False,EXACT_DERIVED
t10,"C[0,2]","(0,1)",-1,True,EXACT_DERIVED
t10,"C[0,2]","(0,2)",1,True,EXACT_DERIVED
t10,"C[0,2]","(1,0)",0,False,EXACT_DERIVED
t10,"C[0,2]","(1,1)",0,False,EXACT_DERIVED
t10,"C[0,2]","(1,2)",0,False,EXACT_DERIVED
t10,"C[0,2]","(2,0)",0,False,EXACT_DERIVED
t10,"C[0,2]","(2,1)",-1,True,EXACT_DERIVED
t10,"C[0,2]","(2,2)",1,True,EXACT_DERIVED
t10,"C[1,0]","(0,0)",0,False,EXACT_DERIVED
t10,"C[1,0]","(0,1)",0,False,EXACT_DERIVED
t10,"C[1,0]","(0,2)",0,False,EXACT_DERIVED
t10,"C[1,0]","(1,0)",0,False,EXACT_DERIVED
t10,"C[1,0]","(1,1)",0,False,EXACT_DERIVED
t10,"C[1,0]","(1,2)",0,False,EXACT_DERIVED
t10,"C[1,0]","(2,0)",0,False,EXACT_DERIVED
t10,"C[1,0]","(2,1)",0,False,EXACT_DERIVED
t10,"C[1,0]","(2,2)",0,False,EXACT_DERIVED
t10,"C[1,1]","(0,0)",0,False,EXACT_DERIVED
t10,"C[1,1]","(0,1)",0,False,EXACT_DERIVED
t10,"C[1,1]","(0,2)",0,False,EXACT_DERIVED
t10,"C[1,1]","(1,0)",0,False,EXACT_DERIVED
t10,"C[1,1]","(1,1)",0,False,EXACT_DERIVED
t10,"C[1,1]","(1,2)",0,False,EXACT_DERIVED
t10,"C[1,1]","(2,0)",0,False,EXACT_DERIVED
t10,"C[1,1]","(2,1)",0,False,EXACT_DERIVED
t10,"C[1,1]","(2,2)",0,False,EXACT_DERIVED
t10,"C[1,2]","(0,0)",0,False,EXACT_DERIVED
t10,"C[1,2]","(0,1)",0,False,EXACT_DERIVED
t10,"C[1,2]","(0,2)",0,False,EXACT_DERIVED
t10,"C[1,2]","(1,0)",0,False,EXACT_DERIVED
t10,"C[1,2]","(1,1)",0,False,EXACT_DERIVED
t10,"C[1,2]","(1,2)",0,False,EXACT_DERIVED
t10,"C[1,2]","(2,0)",0,False,EXACT_DERIVED
t10,"C[1,2]","(2,1)",0,False,EXACT_DERIVED
t10,"C[1,2]","(2,2)",0,False,EXACT_DERIVED
t10,"C[2,0]","(0,0)",0,False,EXACT_DERIVED
t10,"C[2,0]","(0,1)",0,False,EXACT_DERIVED
t10,"C[2,0]","(0,2)",0,False,EXACT_DERIVED
t10,"C[2,0]","(1,0)",0,False,EXACT_DERIVED
t10,"C[2,0]","(1,1)",0,False,EXACT_DERIVED
t10,"C[2,0]","(1,2)",0,False,EXACT_DERIVED
t10,"C[2,0]","(2,0)",0,False,EXACT_DERIVED
t10,"C[2,0]","(2,1)",0,False,EXACT_DERIVED
t10,"C[2,0]","(2,2)",0,False,EXACT_DERIVED
t10,"C[2,1]","(0,0)",0,False,EXACT_DERIVED
t10,"C[2,1]","(0,1)",0,False,EXACT_DERIVED
t10,"C[2,1]","(0,2)",0,False,EXACT_DERIVED
t10,"C[2,1]","(1,0)",0,False,EXACT_DERIVED
t10,"C[2,1]","(1,1)",0,False,EXACT_DERIVED
t10,"C[2,1]","(1,2)",0,False,EXACT_DERIVED
t10,"C[2,1]","(2,0)",0,False,EXACT_DERIVED
t10,"C[2,1]","(2,1)",0,False,EXACT_DERIVED
t10,"C[2,1]","(2,2)",0,False,EXACT_DERIVED
t10,"C[2,2]","(0,0)",0,False,EXACT_DERIVED
t10,"C[2,2]","(0,1)",0,False,EXACT_DERIVED
t10,"C[2,2]","(0,2)",0,False,EXACT_DERIVED
t10,"C[2,2]","(1,0)",0,False,EXACT_DERIVED
t10,"C[2,2]","(1,1)",0,False,EXACT_DERIVED
t10,"C[2,2]","(1,2)",0,False,EXACT_DERIVED
t10,"C[2,2]","(2,0)",0,False,EXACT_DERIVED
t10,"C[2,2]","(2,1)",0,False,EXACT_DERIVED
t10,"C[2,2]","(2,2)",0,False,EXACT_DERIVED
t11,"C[0,0]","(0,0)",0,False,EXACT_DERIVED
t11,"C[0,0]","(0,1)",0,False,EXACT_DERIVED
t11,"C[0,0]","(0,2)",0,False,EXACT_DERIVED
t11,"C[0,0]","(1,0)",0,False,EXACT_DERIVED
t11,"C[0,0]","(1,1)",0,False,EXACT_DERIVED
t11,"C[0,0]","(1,2)",0,False,EXACT_DERIVED
t11,"C[0,0]","(2,0)",0,False,EXACT_DERIVED
t11,"C[0,0]","(2,1)",0,False,EXACT_DERIVED
t11,"C[0,0]","(2,2)",0,False,EXACT_DERIVED
t11,"C[0,1]","(0,0)",0,False,EXACT_DERIVED
t11,"C[0,1]","(0,1)",0,False,EXACT_DERIVED
t11,"C[0,1]","(0,2)",0,False,EXACT_DERIVED
t11,"C[0,1]","(1,0)",0,False,EXACT_DERIVED
t11,"C[0,1]","(1,1)",0,False,EXACT_DERIVED
t11,"C[0,1]","(1,2)",0,False,EXACT_DERIVED
t11,"C[0,1]","(2,0)",0,False,EXACT_DERIVED
t11,"C[0,1]","(2,1)",0,False,EXACT_DERIVED
t11,"C[0,1]","(2,2)",0,False,EXACT_DERIVED
t11,"C[0,2]","(0,0)",0,False,EXACT_DERIVED
t11,"C[0,2]","(0,1)",0,False,EXACT_DERIVED
t11,"C[0,2]","(0,2)",0,False,EXACT_DERIVED
t11,"C[0,2]","(1,0)",0,False,EXACT_DERIVED
t11,"C[0,2]","(1,1)",0,False,EXACT_DERIVED
t11,"C[0,2]","(1,2)",0,False,EXACT_DERIVED
t11,"C[0,2]","(2,0)",0,False,EXACT_DERIVED
t11,"C[0,2]","(2,1)",0,False,EXACT_DERIVED
t11,"C[0,2]","(2,2)",0,False,EXACT_DERIVED
t11,"C[1,0]","(0,0)",0,False,EXACT_DERIVED
t11,"C[1,0]","(0,1)",0,False,EXACT_DERIVED
t11,"C[1,0]","(0,2)",0,False,EXACT_DERIVED
t11,"C[1,0]","(1,0)",0,False,EXACT_DERIVED
t11,"C[1,0]","(1,1)",0,False,EXACT_DERIVED
t11,"C[1,0]","(1,2)",0,False,EXACT_DERIVED
t11,"C[1,0]","(2,0)",0,False,EXACT_DERIVED
t11,"C[1,0]","(2,1)",0,False,EXACT_DERIVED
t11,"C[1,0]","(2,2)",0,False,EXACT_DERIVED
t11,"C[1,1]","(0,0)",0,False,EXACT_DERIVED
t11,"C[1,1]","(0,1)",0,False,EXACT_DERIVED
t11,"C[1,1]","(0,2)",0,False,EXACT_DERIVED
t11,"C[1,1]","(1,0)",0,False,EXACT_DERIVED
t11,"C[1,1]","(1,1)",0,False,EXACT_DERIVED
t11,"C[1,1]","(1,2)",0,False,EXACT_DERIVED
t11,"C[1,1]","(2,0)",0,False,EXACT_DERIVED
t11,"C[1,1]","(2,1)",0,False,EXACT_DERIVED
t11,"C[1,1]","(2,2)",0,False,EXACT_DERIVED
t11,"C[1,2]","(0,0)",0,False,EXACT_DERIVED
t11,"C[1,2]","(0,1)",0,False,EXACT_DERIVED
t11,"C[1,2]","(0,2)",0,False,EXACT_DERIVED
t11,"C[1,2]","(1,0)",0,False,EXACT_DERIVED
t11,"C[1,2]","(1,1)",0,False,EXACT_DERIVED
t11,"C[1,2]","(1,2)",0,False,EXACT_DERIVED
t11,"C[1,2]","(2,0)",0,False,EXACT_DERIVED
t11,"C[1,2]","(2,1)",0,False,EXACT_DERIVED
t11,"C[1,2]","(2,2)",0,False,EXACT_DERIVED
t11,"C[2,0]","(0,0)",0,False,EXACT_DERIVED
t11,"C[2,0]","(0,1)",0,False,EXACT_DERIVED
t11,"C[2,0]","(0,2)",0,False,EXACT_DERIVED
t11,"C[2,0]","(1,0)",0,False,EXACT_DERIVED
t11,"C[2,0]","(1,1)",0,False,EXACT_DERIVED
t11,"C[2,0]","(1,2)",0,False,EXACT_DERIVED
t11,"C[2,0]","(2,0)",0,False,EXACT_DERIVED
t11,"C[2,0]","(2,1)",0,False,EXACT_DERIVED
t11,"C[2,0]","(2,2)",0,False,EXACT_DERIVED
t11,"C[2,1]","(0,0)",1,True,EXACT_DERIVED
t11,"C[2,1]","(0,1)",1,True,EXACT_DERIVED
t11,"C[2,1]","(0,2)",-1,True,EXACT_DERIVED
t11,"C[2,1]","(1,0)",0,False,EXACT_DERIVED
t11,"C[2,1]","(1,1)",0,False,EXACT_DERIVED
t11,"C[2,1]","(1,2)",0,False,EXACT_DERIVED
t11,"C[2,1]","(2,0)",1,True,EXACT_DERIVED
t11,"C[2,1]","(2,1)",1,True,EXACT_DERIVED
t11,"C[2,1]","(2,2)",-1,True,EXACT_DERIVED
t11,"C[2,2]","(0,0)",0,False,EXACT_DERIVED
t11,"C[2,2]","(0,1)",0,False,EXACT_DERIVED
t11,"C[2,2]","(0,2)",0,False,EXACT_DERIVED
t11,"C[2,2]","(1,0)",0,False,EXACT_DERIVED
t11,"C[2,2]","(1,1)",0,False,EXACT_DERIVED
t11,"C[2,2]","(1,2)",0,False,EXACT_DERIVED
t11,"C[2,2]","(2,0)",0,False,EXACT_DERIVED
t11,"C[2,2]","(2,1)",0,False,EXACT_DERIVED
t11,"C[2,2]","(2,2)",0,False,EXACT_DERIVED
t12,"C[0,0]","(0,0)",1,True,EXACT_DERIVED
t12,"C[0,0]","(0,1)",0,False,EXACT_DERIVED
t12,"C[0,0]","(0,2)",0,False,EXACT_DERIVED
t12,"C[0,0]","(1,0)",0,False,EXACT_DERIVED
t12,"C[0,0]","(1,1)",0,False,EXACT_DERIVED
t12,"C[0,0]","(1,2)",0,False,EXACT_DERIVED
t12,"C[0,0]","(2,0)",1,True,EXACT_DERIVED
t12,"C[0,0]","(2,1)",0,False,EXACT_DERIVED
t12,"C[0,0]","(2,2)",0,False,EXACT_DERIVED
t12,"C[0,1]","(0,0)",0,False,EXACT_DERIVED
t12,"C[0,1]","(0,1)",0,False,EXACT_DERIVED
t12,"C[0,1]","(0,2)",0,False,EXACT_DERIVED
t12,"C[0,1]","(1,0)",0,False,EXACT_DERIVED
t12,"C[0,1]","(1,1)",0,False,EXACT_DERIVED
t12,"C[0,1]","(1,2)",0,False,EXACT_DERIVED
t12,"C[0,1]","(2,0)",0,False,EXACT_DERIVED
t12,"C[0,1]","(2,1)",0,False,EXACT_DERIVED
t12,"C[0,1]","(2,2)",0,False,EXACT_DERIVED
t12,"C[0,2]","(0,0)",0,False,EXACT_DERIVED
t12,"C[0,2]","(0,1)",0,False,EXACT_DERIVED
t12,"C[0,2]","(0,2)",0,False,EXACT_DERIVED
t12,"C[0,2]","(1,0)",0,False,EXACT_DERIVED
t12,"C[0,2]","(1,1)",0,False,EXACT_DERIVED
t12,"C[0,2]","(1,2)",0,False,EXACT_DERIVED
t12,"C[0,2]","(2,0)",0,False,EXACT_DERIVED
t12,"C[0,2]","(2,1)",0,False,EXACT_DERIVED
t12,"C[0,2]","(2,2)",0,False,EXACT_DERIVED
t12,"C[1,0]","(0,0)",0,False,EXACT_DERIVED
t12,"C[1,0]","(0,1)",0,False,EXACT_DERIVED
t12,"C[1,0]","(0,2)",0,False,EXACT_DERIVED
t12,"C[1,0]","(1,0)",0,False,EXACT_DERIVED
t12,"C[1,0]","(1,1)",0,False,EXACT_DERIVED
t12,"C[1,0]","(1,2)",0,False,EXACT_DERIVED
t12,"C[1,0]","(2,0)",0,False,EXACT_DERIVED
t12,"C[1,0]","(2,1)",0,False,EXACT_DERIVED
t12,"C[1,0]","(2,2)",0,False,EXACT_DERIVED
t12,"C[1,1]","(0,0)",0,False,EXACT_DERIVED
t12,"C[1,1]","(0,1)",0,False,EXACT_DERIVED
t12,"C[1,1]","(0,2)",0,False,EXACT_DERIVED
t12,"C[1,1]","(1,0)",0,False,EXACT_DERIVED
t12,"C[1,1]","(1,1)",0,False,EXACT_DERIVED
t12,"C[1,1]","(1,2)",0,False,EXACT_DERIVED
t12,"C[1,1]","(2,0)",0,False,EXACT_DERIVED
t12,"C[1,1]","(2,1)",0,False,EXACT_DERIVED
t12,"C[1,1]","(2,2)",0,False,EXACT_DERIVED
t12,"C[1,2]","(0,0)",0,False,EXACT_DERIVED
t12,"C[1,2]","(0,1)",0,False,EXACT_DERIVED
t12,"C[1,2]","(0,2)",0,False,EXACT_DERIVED
t12,"C[1,2]","(1,0)",0,False,EXACT_DERIVED
t12,"C[1,2]","(1,1)",0,False,EXACT_DERIVED
t12,"C[1,2]","(1,2)",0,False,EXACT_DERIVED
t12,"C[1,2]","(2,0)",0,False,EXACT_DERIVED
t12,"C[1,2]","(2,1)",0,False,EXACT_DERIVED
t12,"C[1,2]","(2,2)",0,False,EXACT_DERIVED
t12,"C[2,0]","(0,0)",0,False,EXACT_DERIVED
t12,"C[2,0]","(0,1)",0,False,EXACT_DERIVED
t12,"C[2,0]","(0,2)",0,False,EXACT_DERIVED
t12,"C[2,0]","(1,0)",0,False,EXACT_DERIVED
t12,"C[2,0]","(1,1)",0,False,EXACT_DERIVED
t12,"C[2,0]","(1,2)",0,False,EXACT_DERIVED
t12,"C[2,0]","(2,0)",0,False,EXACT_DERIVED
t12,"C[2,0]","(2,1)",0,False,EXACT_DERIVED
t12,"C[2,0]","(2,2)",0,False,EXACT_DERIVED
t12,"C[2,1]","(0,0)",0,False,EXACT_DERIVED
t12,"C[2,1]","(0,1)",0,False,EXACT_DERIVED
t12,"C[2,1]","(0,2)",0,False,EXACT_DERIVED
t12,"C[2,1]","(1,0)",0,False,EXACT_DERIVED
t12,"C[2,1]","(1,1)",0,False,EXACT_DERIVED
t12,"C[2,1]","(1,2)",0,False,EXACT_DERIVED
t12,"C[2,1]","(2,0)",0,False,EXACT_DERIVED
t12,"C[2,1]","(2,1)",0,False,EXACT_DERIVED
t12,"C[2,1]","(2,2)",0,False,EXACT_DERIVED
t12,"C[2,2]","(0,0)",0,False,EXACT_DERIVED
t12,"C[2,2]","(0,1)",0,False,EXACT_DERIVED
t12,"C[2,2]","(0,2)",0,False,EXACT_DERIVED
t12,"C[2,2]","(1,0)",0,False,EXACT_DERIVED
t12,"C[2,2]","(1,1)",0,False,EXACT_DERIVED
t12,"C[2,2]","(1,2)",0,False,EXACT_DERIVED
t12,"C[2,2]","(2,0)",0,False,EXACT_DERIVED
t12,"C[2,2]","(2,1)",0,False,EXACT_DERIVED
t12,"C[2,2]","(2,2)",0,False,EXACT_DERIVED
t13,"C[0,0]","(0,0)",0,False,EXACT_DERIVED
t13,"C[0,0]","(0,1)",0,False,EXACT_DERIVED
t13,"C[0,0]","(0,2)",0,False,EXACT_DERIVED
t13,"C[0,0]","(1,0)",0,False,EXACT_DERIVED
t13,"C[0,0]","(1,1)",0,False,EXACT_DERIVED
t13,"C[0,0]","(1,2)",0,False,EXACT_DERIVED
t13,"C[0,0]","(2,0)",-1,True,EXACT_DERIVED
t13,"C[0,0]","(2,1)",0,False,EXACT_DERIVED
t13,"C[0,0]","(2,2)",0,False,EXACT_DERIVED
t13,"C[0,1]","(0,0)",0,False,EXACT_DERIVED
t13,"C[0,1]","(0,1)",0,False,EXACT_DERIVED
t13,"C[0,1]","(0,2)",0,False,EXACT_DERIVED
t13,"C[0,1]","(1,0)",0,False,EXACT_DERIVED
t13,"C[0,1]","(1,1)",0,False,EXACT_DERIVED
t13,"C[0,1]","(1,2)",0,False,EXACT_DERIVED
t13,"C[0,1]","(2,0)",0,False,EXACT_DERIVED
t13,"C[0,1]","(2,1)",0,False,EXACT_DERIVED
t13,"C[0,1]","(2,2)",0,False,EXACT_DERIVED
t13,"C[0,2]","(0,0)",0,False,EXACT_DERIVED
t13,"C[0,2]","(0,1)",0,False,EXACT_DERIVED
t13,"C[0,2]","(0,2)",0,False,EXACT_DERIVED
t13,"C[0,2]","(1,0)",0,False,EXACT_DERIVED
t13,"C[0,2]","(1,1)",0,False,EXACT_DERIVED
t13,"C[0,2]","(1,2)",0,False,EXACT_DERIVED
t13,"C[0,2]","(2,0)",0,False,EXACT_DERIVED
t13,"C[0,2]","(2,1)",0,False,EXACT_DERIVED
t13,"C[0,2]","(2,2)",0,False,EXACT_DERIVED
t13,"C[1,0]","(0,0)",0,False,EXACT_DERIVED
t13,"C[1,0]","(0,1)",0,False,EXACT_DERIVED
t13,"C[1,0]","(0,2)",0,False,EXACT_DERIVED
t13,"C[1,0]","(1,0)",0,False,EXACT_DERIVED
t13,"C[1,0]","(1,1)",0,False,EXACT_DERIVED
t13,"C[1,0]","(1,2)",0,False,EXACT_DERIVED
t13,"C[1,0]","(2,0)",0,False,EXACT_DERIVED
t13,"C[1,0]","(2,1)",0,False,EXACT_DERIVED
t13,"C[1,0]","(2,2)",0,False,EXACT_DERIVED
t13,"C[1,1]","(0,0)",0,False,EXACT_DERIVED
t13,"C[1,1]","(0,1)",0,False,EXACT_DERIVED
t13,"C[1,1]","(0,2)",0,False,EXACT_DERIVED
t13,"C[1,1]","(1,0)",0,False,EXACT_DERIVED
t13,"C[1,1]","(1,1)",0,False,EXACT_DERIVED
t13,"C[1,1]","(1,2)",0,False,EXACT_DERIVED
t13,"C[1,1]","(2,0)",0,False,EXACT_DERIVED
t13,"C[1,1]","(2,1)",0,False,EXACT_DERIVED
t13,"C[1,1]","(2,2)",0,False,EXACT_DERIVED
t13,"C[1,2]","(0,0)",0,False,EXACT_DERIVED
t13,"C[1,2]","(0,1)",0,False,EXACT_DERIVED
t13,"C[1,2]","(0,2)",0,False,EXACT_DERIVED
t13,"C[1,2]","(1,0)",0,False,EXACT_DERIVED
t13,"C[1,2]","(1,1)",0,False,EXACT_DERIVED
t13,"C[1,2]","(1,2)",0,False,EXACT_DERIVED
t13,"C[1,2]","(2,0)",0,False,EXACT_DERIVED
t13,"C[1,2]","(2,1)",0,False,EXACT_DERIVED
t13,"C[1,2]","(2,2)",0,False,EXACT_DERIVED
t13,"C[2,0]","(0,0)",0,False,EXACT_DERIVED
t13,"C[2,0]","(0,1)",0,False,EXACT_DERIVED
t13,"C[2,0]","(0,2)",0,False,EXACT_DERIVED
t13,"C[2,0]","(1,0)",0,False,EXACT_DERIVED
t13,"C[2,0]","(1,1)",0,False,EXACT_DERIVED
t13,"C[2,0]","(1,2)",0,False,EXACT_DERIVED
t13,"C[2,0]","(2,0)",1,True,EXACT_DERIVED
t13,"C[2,0]","(2,1)",0,False,EXACT_DERIVED
t13,"C[2,0]","(2,2)",0,False,EXACT_DERIVED
t13,"C[2,1]","(0,0)",0,False,EXACT_DERIVED
t13,"C[2,1]","(0,1)",0,False,EXACT_DERIVED
t13,"C[2,1]","(0,2)",0,False,EXACT_DERIVED
t13,"C[2,1]","(1,0)",0,False,EXACT_DERIVED
t13,"C[2,1]","(1,1)",0,False,EXACT_DERIVED
t13,"C[2,1]","(1,2)",0,False,EXACT_DERIVED
t13,"C[2,1]","(2,0)",-1,True,EXACT_DERIVED
t13,"C[2,1]","(2,1)",0,False,EXACT_DERIVED
t13,"C[2,1]","(2,2)",0,False,EXACT_DERIVED
t13,"C[2,2]","(0,0)",0,False,EXACT_DERIVED
t13,"C[2,2]","(0,1)",0,False,EXACT_DERIVED
t13,"C[2,2]","(0,2)",0,False,EXACT_DERIVED
t13,"C[2,2]","(1,0)",0,False,EXACT_DERIVED
t13,"C[2,2]","(1,1)",0,False,EXACT_DERIVED
t13,"C[2,2]","(1,2)",0,False,EXACT_DERIVED
t13,"C[2,2]","(2,0)",-1,True,EXACT_DERIVED
t13,"C[2,2]","(2,1)",0,False,EXACT_DERIVED
t13,"C[2,2]","(2,2)",0,False,EXACT_DERIVED
t14,"C[0,0]","(0,0)",0,False,EXACT_DERIVED
t14,"C[0,0]","(0,1)",0,False,EXACT_DERIVED
t14,"C[0,0]","(0,2)",0,False,EXACT_DERIVED
t14,"C[0,0]","(1,0)",0,False,EXACT_DERIVED
t14,"C[0,0]","(1,1)",0,False,EXACT_DERIVED
t14,"C[0,0]","(1,2)",0,False,EXACT_DERIVED
t14,"C[0,0]","(2,0)",0,False,EXACT_DERIVED
t14,"C[0,0]","(2,1)",0,False,EXACT_DERIVED
t14,"C[0,0]","(2,2)",0,False,EXACT_DERIVED
t14,"C[0,1]","(0,0)",0,False,EXACT_DERIVED
t14,"C[0,1]","(0,1)",0,False,EXACT_DERIVED
t14,"C[0,1]","(0,2)",0,False,EXACT_DERIVED
t14,"C[0,1]","(1,0)",0,False,EXACT_DERIVED
t14,"C[0,1]","(1,1)",0,False,EXACT_DERIVED
t14,"C[0,1]","(1,2)",0,False,EXACT_DERIVED
t14,"C[0,1]","(2,0)",0,False,EXACT_DERIVED
t14,"C[0,1]","(2,1)",0,False,EXACT_DERIVED
t14,"C[0,1]","(2,2)",0,False,EXACT_DERIVED
t14,"C[0,2]","(0,0)",0,False,EXACT_DERIVED
t14,"C[0,2]","(0,1)",0,False,EXACT_DERIVED
t14,"C[0,2]","(0,2)",0,False,EXACT_DERIVED
t14,"C[0,2]","(1,0)",0,False,EXACT_DERIVED
t14,"C[0,2]","(1,1)",0,False,EXACT_DERIVED
t14,"C[0,2]","(1,2)",0,False,EXACT_DERIVED
t14,"C[0,2]","(2,0)",0,False,EXACT_DERIVED
t14,"C[0,2]","(2,1)",0,False,EXACT_DERIVED
t14,"C[0,2]","(2,2)",0,False,EXACT_DERIVED
t14,"C[1,0]","(0,0)",0,False,EXACT_DERIVED
t14,"C[1,0]","(0,1)",0,False,EXACT_DERIVED
t14,"C[1,0]","(0,2)",0,False,EXACT_DERIVED
t14,"C[1,0]","(1,0)",1,True,EXACT_DERIVED
t14,"C[1,0]","(1,1)",0,False,EXACT_DERIVED
t14,"C[1,0]","(1,2)",0,False,EXACT_DERIVED
t14,"C[1,0]","(2,0)",0,False,EXACT_DERIVED
t14,"C[1,0]","(2,1)",0,False,EXACT_DERIVED
t14,"C[1,0]","(2,2)",-1,True,EXACT_DERIVED
t14,"C[1,1]","(0,0)",0,False,EXACT_DERIVED
t14,"C[1,1]","(0,1)",0,False,EXACT_DERIVED
t14,"C[1,1]","(0,2)",0,False,EXACT_DERIVED
t14,"C[1,1]","(1,0)",0,False,EXACT_DERIVED
t14,"C[1,1]","(1,1)",0,False,EXACT_DERIVED
t14,"C[1,1]","(1,2)",0,False,EXACT_DERIVED
t14,"C[1,1]","(2,0)",0,False,EXACT_DERIVED
t14,"C[1,1]","(2,1)",0,False,EXACT_DERIVED
t14,"C[1,1]","(2,2)",0,False,EXACT_DERIVED
t14,"C[1,2]","(0,0)",0,False,EXACT_DERIVED
t14,"C[1,2]","(0,1)",0,False,EXACT_DERIVED
t14,"C[1,2]","(0,2)",0,False,EXACT_DERIVED
t14,"C[1,2]","(1,0)",0,False,EXACT_DERIVED
t14,"C[1,2]","(1,1)",0,False,EXACT_DERIVED
t14,"C[1,2]","(1,2)",0,False,EXACT_DERIVED
t14,"C[1,2]","(2,0)",0,False,EXACT_DERIVED
t14,"C[1,2]","(2,1)",0,False,EXACT_DERIVED
t14,"C[1,2]","(2,2)",0,False,EXACT_DERIVED
t14,"C[2,0]","(0,0)",0,False,EXACT_DERIVED
t14,"C[2,0]","(0,1)",0,False,EXACT_DERIVED
t14,"C[2,0]","(0,2)",0,False,EXACT_DERIVED
t14,"C[2,0]","(1,0)",0,False,EXACT_DERIVED
t14,"C[2,0]","(1,1)",0,False,EXACT_DERIVED
t14,"C[2,0]","(1,2)",0,False,EXACT_DERIVED
t14,"C[2,0]","(2,0)",0,False,EXACT_DERIVED
t14,"C[2,0]","(2,1)",0,False,EXACT_DERIVED
t14,"C[2,0]","(2,2)",0,False,EXACT_DERIVED
t14,"C[2,1]","(0,0)",0,False,EXACT_DERIVED
t14,"C[2,1]","(0,1)",0,False,EXACT_DERIVED
t14,"C[2,1]","(0,2)",0,False,EXACT_DERIVED
t14,"C[2,1]","(1,0)",-1,True,EXACT_DERIVED
t14,"C[2,1]","(1,1)",0,False,EXACT_DERIVED
t14,"C[2,1]","(1,2)",0,False,EXACT_DERIVED
t14,"C[2,1]","(2,0)",0,False,EXACT_DERIVED
t14,"C[2,1]","(2,1)",0,False,EXACT_DERIVED
t14,"C[2,1]","(2,2)",1,True,EXACT_DERIVED
t14,"C[2,2]","(0,0)",0,False,EXACT_DERIVED
t14,"C[2,2]","(0,1)",0,False,EXACT_DERIVED
t14,"C[2,2]","(0,2)",0,False,EXACT_DERIVED
t14,"C[2,2]","(1,0)",-1,True,EXACT_DERIVED
t14,"C[2,2]","(1,1)",0,False,EXACT_DERIVED
t14,"C[2,2]","(1,2)",0,False,EXACT_DERIVED
t14,"C[2,2]","(2,0)",0,False,EXACT_DERIVED
t14,"C[2,2]","(2,1)",0,False,EXACT_DERIVED
t14,"C[2,2]","(2,2)",1,True,EXACT_DERIVED
t15,"C[0,0]","(0,0)",0,False,EXACT_DERIVED
t15,"C[0,0]","(0,1)",0,False,EXACT_DERIVED
t15,"C[0,0]","(0,2)",0,False,EXACT_DERIVED
t15,"C[0,0]","(1,0)",0,False,EXACT_DERIVED
t15,"C[0,0]","(1,1)",0,False,EXACT_DERIVED
t15,"C[0,0]","(1,2)",0,False,EXACT_DERIVED
t15,"C[0,0]","(2,0)",0,False,EXACT_DERIVED
t15,"C[0,0]","(2,1)",0,False,EXACT_DERIVED
t15,"C[0,0]","(2,2)",0,False,EXACT_DERIVED
t15,"C[0,1]","(0,0)",0,False,EXACT_DERIVED
t15,"C[0,1]","(0,1)",0,False,EXACT_DERIVED
t15,"C[0,1]","(0,2)",0,False,EXACT_DERIVED
t15,"C[0,1]","(1,0)",0,False,EXACT_DERIVED
t15,"C[0,1]","(1,1)",0,False,EXACT_DERIVED
t15,"C[0,1]","(1,2)",0,False,EXACT_DERIVED
t15,"C[0,1]","(2,0)",0,False,EXACT_DERIVED
t15,"C[0,1]","(2,1)",0,False,EXACT_DERIVED
t15,"C[0,1]","(2,2)",0,False,EXACT_DERIVED
t15,"C[0,2]","(0,0)",0,False,EXACT_DERIVED
t15,"C[0,2]","(0,1)",0,False,EXACT_DERIVED
t15,"C[0,2]","(0,2)",0,False,EXACT_DERIVED
t15,"C[0,2]","(1,0)",0,False,EXACT_DERIVED
t15,"C[0,2]","(1,1)",0,False,EXACT_DERIVED
t15,"C[0,2]","(1,2)",0,False,EXACT_DERIVED
t15,"C[0,2]","(2,0)",0,False,EXACT_DERIVED
t15,"C[0,2]","(2,1)",0,False,EXACT_DERIVED
t15,"C[0,2]","(2,2)",0,False,EXACT_DERIVED
t15,"C[1,0]","(0,0)",0,False,EXACT_DERIVED
t15,"C[1,0]","(0,1)",0,False,EXACT_DERIVED
t15,"C[1,0]","(0,2)",0,False,EXACT_DERIVED
t15,"C[1,0]","(1,0)",1,True,EXACT_DERIVED
t15,"C[1,0]","(1,1)",0,False,EXACT_DERIVED
t15,"C[1,0]","(1,2)",1,True,EXACT_DERIVED
t15,"C[1,0]","(2,0)",1,True,EXACT_DERIVED
t15,"C[1,0]","(2,1)",0,False,EXACT_DERIVED
t15,"C[1,0]","(2,2)",1,True,EXACT_DERIVED
t15,"C[1,1]","(0,0)",0,False,EXACT_DERIVED
t15,"C[1,1]","(0,1)",0,False,EXACT_DERIVED
t15,"C[1,1]","(0,2)",0,False,EXACT_DERIVED
t15,"C[1,1]","(1,0)",0,False,EXACT_DERIVED
t15,"C[1,1]","(1,1)",0,False,EXACT_DERIVED
t15,"C[1,1]","(1,2)",0,False,EXACT_DERIVED
t15,"C[1,1]","(2,0)",0,False,EXACT_DERIVED
t15,"C[1,1]","(2,1)",0,False,EXACT_DERIVED
t15,"C[1,1]","(2,2)",0,False,EXACT_DERIVED
t15,"C[1,2]","(0,0)",0,False,EXACT_DERIVED
t15,"C[1,2]","(0,1)",0,False,EXACT_DERIVED
t15,"C[1,2]","(0,2)",0,False,EXACT_DERIVED
t15,"C[1,2]","(1,0)",0,False,EXACT_DERIVED
t15,"C[1,2]","(1,1)",0,False,EXACT_DERIVED
t15,"C[1,2]","(1,2)",0,False,EXACT_DERIVED
t15,"C[1,2]","(2,0)",0,False,EXACT_DERIVED
t15,"C[1,2]","(2,1)",0,False,EXACT_DERIVED
t15,"C[1,2]","(2,2)",0,False,EXACT_DERIVED
t15,"C[2,0]","(0,0)",0,False,EXACT_DERIVED
t15,"C[2,0]","(0,1)",0,False,EXACT_DERIVED
t15,"C[2,0]","(0,2)",0,False,EXACT_DERIVED
t15,"C[2,0]","(1,0)",0,False,EXACT_DERIVED
t15,"C[2,0]","(1,1)",0,False,EXACT_DERIVED
t15,"C[2,0]","(1,2)",0,False,EXACT_DERIVED
t15,"C[2,0]","(2,0)",0,False,EXACT_DERIVED
t15,"C[2,0]","(2,1)",0,False,EXACT_DERIVED
t15,"C[2,0]","(2,2)",0,False,EXACT_DERIVED
t15,"C[2,1]","(0,0)",0,False,EXACT_DERIVED
t15,"C[2,1]","(0,1)",0,False,EXACT_DERIVED
t15,"C[2,1]","(0,2)",0,False,EXACT_DERIVED
t15,"C[2,1]","(1,0)",0,False,EXACT_DERIVED
t15,"C[2,1]","(1,1)",0,False,EXACT_DERIVED
t15,"C[2,1]","(1,2)",0,False,EXACT_DERIVED
t15,"C[2,1]","(2,0)",0,False,EXACT_DERIVED
t15,"C[2,1]","(2,1)",0,False,EXACT_DERIVED
t15,"C[2,1]","(2,2)",0,False,EXACT_DERIVED
t15,"C[2,2]","(0,0)",0,False,EXACT_DERIVED
t15,"C[2,2]","(0,1)",0,False,EXACT_DERIVED
t15,"C[2,2]","(0,2)",0,False,EXACT_DERIVED
t15,"C[2,2]","(1,0)",0,False,EXACT_DERIVED
t15,"C[2,2]","(1,1)",0,False,EXACT_DERIVED
t15,"C[2,2]","(1,2)",0,False,EXACT_DERIVED
t15,"C[2,2]","(2,0)",0,False,EXACT_DERIVED
t15,"C[2,2]","(2,1)",0,False,EXACT_DERIVED
t15,"C[2,2]","(2,2)",0,False,EXACT_DERIVED
t16,"C[0,0]","(0,0)",0,False,EXACT_DERIVED
t16,"C[0,0]","(0,1)",0,False,EXACT_DERIVED
t16,"C[0,0]","(0,2)",0,False,EXACT_DERIVED
t16,"C[0,0]","(1,0)",0,False,EXACT_DERIVED
t16,"C[0,0]","(1,1)",0,False,EXACT_DERIVED
t16,"C[0,0]","(1,2)",0,False,EXACT_DERIVED
t16,"C[0,0]","(2,0)",0,False,EXACT_DERIVED
t16,"C[0,0]","(2,1)",0,False,EXACT_DERIVED
t16,"C[0,0]","(2,2)",0,False,EXACT_DERIVED
t16,"C[0,1]","(0,0)",0,False,EXACT_DERIVED
t16,"C[0,1]","(0,1)",0,False,EXACT_DERIVED
t16,"C[0,1]","(0,2)",0,False,EXACT_DERIVED
t16,"C[0,1]","(1,0)",0,False,EXACT_DERIVED
t16,"C[0,1]","(1,1)",0,False,EXACT_DERIVED
t16,"C[0,1]","(1,2)",0,False,EXACT_DERIVED
t16,"C[0,1]","(2,0)",0,False,EXACT_DERIVED
t16,"C[0,1]","(2,1)",0,False,EXACT_DERIVED
t16,"C[0,1]","(2,2)",0,False,EXACT_DERIVED
t16,"C[0,2]","(0,0)",0,False,EXACT_DERIVED
t16,"C[0,2]","(0,1)",0,False,EXACT_DERIVED
t16,"C[0,2]","(0,2)",0,False,EXACT_DERIVED
t16,"C[0,2]","(1,0)",0,False,EXACT_DERIVED
t16,"C[0,2]","(1,1)",0,False,EXACT_DERIVED
t16,"C[0,2]","(1,2)",0,False,EXACT_DERIVED
t16,"C[0,2]","(2,0)",0,False,EXACT_DERIVED
t16,"C[0,2]","(2,1)",0,False,EXACT_DERIVED
t16,"C[0,2]","(2,2)",-1,True,EXACT_DERIVED
t16,"C[1,0]","(0,0)",0,False,EXACT_DERIVED
t16,"C[1,0]","(0,1)",0,False,EXACT_DERIVED
t16,"C[1,0]","(0,2)",0,False,EXACT_DERIVED
t16,"C[1,0]","(1,0)",0,False,EXACT_DERIVED
t16,"C[1,0]","(1,1)",0,False,EXACT_DERIVED
t16,"C[1,0]","(1,2)",0,False,EXACT_DERIVED
t16,"C[1,0]","(2,0)",0,False,EXACT_DERIVED
t16,"C[1,0]","(2,1)",0,False,EXACT_DERIVED
t16,"C[1,0]","(2,2)",0,False,EXACT_DERIVED
t16,"C[1,1]","(0,0)",0,False,EXACT_DERIVED
t16,"C[1,1]","(0,1)",0,False,EXACT_DERIVED
t16,"C[1,1]","(0,2)",0,False,EXACT_DERIVED
t16,"C[1,1]","(1,0)",0,False,EXACT_DERIVED
t16,"C[1,1]","(1,1)",0,False,EXACT_DERIVED
t16,"C[1,1]","(1,2)",0,False,EXACT_DERIVED
t16,"C[1,1]","(2,0)",0,False,EXACT_DERIVED
t16,"C[1,1]","(2,1)",0,False,EXACT_DERIVED
t16,"C[1,1]","(2,2)",0,False,EXACT_DERIVED
t16,"C[1,2]","(0,0)",0,False,EXACT_DERIVED
t16,"C[1,2]","(0,1)",0,False,EXACT_DERIVED
t16,"C[1,2]","(0,2)",0,False,EXACT_DERIVED
t16,"C[1,2]","(1,0)",0,False,EXACT_DERIVED
t16,"C[1,2]","(1,1)",0,False,EXACT_DERIVED
t16,"C[1,2]","(1,2)",0,False,EXACT_DERIVED
t16,"C[1,2]","(2,0)",0,False,EXACT_DERIVED
t16,"C[1,2]","(2,1)",0,False,EXACT_DERIVED
t16,"C[1,2]","(2,2)",0,False,EXACT_DERIVED
t16,"C[2,0]","(0,0)",0,False,EXACT_DERIVED
t16,"C[2,0]","(0,1)",0,False,EXACT_DERIVED
t16,"C[2,0]","(0,2)",0,False,EXACT_DERIVED
t16,"C[2,0]","(1,0)",0,False,EXACT_DERIVED
t16,"C[2,0]","(1,1)",0,False,EXACT_DERIVED
t16,"C[2,0]","(1,2)",0,False,EXACT_DERIVED
t16,"C[2,0]","(2,0)",0,False,EXACT_DERIVED
t16,"C[2,0]","(2,1)",0,False,EXACT_DERIVED
t16,"C[2,0]","(2,2)",0,False,EXACT_DERIVED
t16,"C[2,1]","(0,0)",0,False,EXACT_DERIVED
t16,"C[2,1]","(0,1)",0,False,EXACT_DERIVED
t16,"C[2,1]","(0,2)",0,False,EXACT_DERIVED
t16,"C[2,1]","(1,0)",0,False,EXACT_DERIVED
t16,"C[2,1]","(1,1)",0,False,EXACT_DERIVED
t16,"C[2,1]","(1,2)",0,False,EXACT_DERIVED
t16,"C[2,1]","(2,0)",0,False,EXACT_DERIVED
t16,"C[2,1]","(2,1)",0,False,EXACT_DERIVED
t16,"C[2,1]","(2,2)",0,False,EXACT_DERIVED
t16,"C[2,2]","(0,0)",0,False,EXACT_DERIVED
t16,"C[2,2]","(0,1)",0,False,EXACT_DERIVED
t16,"C[2,2]","(0,2)",0,False,EXACT_DERIVED
t16,"C[2,2]","(1,0)",0,False,EXACT_DERIVED
t16,"C[2,2]","(1,1)",0,False,EXACT_DERIVED
t16,"C[2,2]","(1,2)",0,False,EXACT_DERIVED
t16,"C[2,2]","(2,0)",0,False,EXACT_DERIVED
t16,"C[2,2]","(2,1)",0,False,EXACT_DERIVED
t16,"C[2,2]","(2,2)",1,True,EXACT_DERIVED
t17,"C[0,0]","(0,0)",0,False,EXACT_DERIVED
t17,"C[0,0]","(0,1)",0,False,EXACT_DERIVED
t17,"C[0,0]","(0,2)",0,False,EXACT_DERIVED
t17,"C[0,0]","(1,0)",0,False,EXACT_DERIVED
t17,"C[0,0]","(1,1)",0,False,EXACT_DERIVED
t17,"C[0,0]","(1,2)",0,False,EXACT_DERIVED
t17,"C[0,0]","(2,0)",0,False,EXACT_DERIVED
t17,"C[0,0]","(2,1)",0,False,EXACT_DERIVED
t17,"C[0,0]","(2,2)",0,False,EXACT_DERIVED
t17,"C[0,1]","(0,0)",0,False,EXACT_DERIVED
t17,"C[0,1]","(0,1)",0,False,EXACT_DERIVED
t17,"C[0,1]","(0,2)",0,False,EXACT_DERIVED
t17,"C[0,1]","(1,0)",0,False,EXACT_DERIVED
t17,"C[0,1]","(1,1)",0,False,EXACT_DERIVED
t17,"C[0,1]","(1,2)",0,False,EXACT_DERIVED
t17,"C[0,1]","(2,0)",0,False,EXACT_DERIVED
t17,"C[0,1]","(2,1)",0,False,EXACT_DERIVED
t17,"C[0,1]","(2,2)",0,False,EXACT_DERIVED
t17,"C[0,2]","(0,0)",0,False,EXACT_DERIVED
t17,"C[0,2]","(0,1)",0,False,EXACT_DERIVED
t17,"C[0,2]","(0,2)",0,False,EXACT_DERIVED
t17,"C[0,2]","(1,0)",0,False,EXACT_DERIVED
t17,"C[0,2]","(1,1)",0,False,EXACT_DERIVED
t17,"C[0,2]","(1,2)",0,False,EXACT_DERIVED
t17,"C[0,2]","(2,0)",0,False,EXACT_DERIVED
t17,"C[0,2]","(2,1)",0,False,EXACT_DERIVED
t17,"C[0,2]","(2,2)",0,False,EXACT_DERIVED
t17,"C[1,0]","(0,0)",0,False,EXACT_DERIVED
t17,"C[1,0]","(0,1)",0,False,EXACT_DERIVED
t17,"C[1,0]","(0,2)",0,False,EXACT_DERIVED
t17,"C[1,0]","(1,0)",1,True,EXACT_DERIVED
t17,"C[1,0]","(1,1)",0,False,EXACT_DERIVED
t17,"C[1,0]","(1,2)",0,False,EXACT_DERIVED
t17,"C[1,0]","(2,0)",0,False,EXACT_DERIVED
t17,"C[1,0]","(2,1)",0,False,EXACT_DERIVED
t17,"C[1,0]","(2,2)",0,False,EXACT_DERIVED
t17,"C[1,1]","(0,0)",0,False,EXACT_DERIVED
t17,"C[1,1]","(0,1)",0,False,EXACT_DERIVED
t17,"C[1,1]","(0,2)",0,False,EXACT_DERIVED
t17,"C[1,1]","(1,0)",0,False,EXACT_DERIVED
t17,"C[1,1]","(1,1)",0,False,EXACT_DERIVED
t17,"C[1,1]","(1,2)",0,False,EXACT_DERIVED
t17,"C[1,1]","(2,0)",0,False,EXACT_DERIVED
t17,"C[1,1]","(2,1)",0,False,EXACT_DERIVED
t17,"C[1,1]","(2,2)",0,False,EXACT_DERIVED
t17,"C[1,2]","(0,0)",0,False,EXACT_DERIVED
t17,"C[1,2]","(0,1)",0,False,EXACT_DERIVED
t17,"C[1,2]","(0,2)",0,False,EXACT_DERIVED
t17,"C[1,2]","(1,0)",0,False,EXACT_DERIVED
t17,"C[1,2]","(1,1)",0,False,EXACT_DERIVED
t17,"C[1,2]","(1,2)",0,False,EXACT_DERIVED
t17,"C[1,2]","(2,0)",0,False,EXACT_DERIVED
t17,"C[1,2]","(2,1)",0,False,EXACT_DERIVED
t17,"C[1,2]","(2,2)",0,False,EXACT_DERIVED
t17,"C[2,0]","(0,0)",0,False,EXACT_DERIVED
t17,"C[2,0]","(0,1)",0,False,EXACT_DERIVED
t17,"C[2,0]","(0,2)",0,False,EXACT_DERIVED
t17,"C[2,0]","(1,0)",0,False,EXACT_DERIVED
t17,"C[2,0]","(1,1)",0,False,EXACT_DERIVED
t17,"C[2,0]","(1,2)",0,False,EXACT_DERIVED
t17,"C[2,0]","(2,0)",0,False,EXACT_DERIVED
t17,"C[2,0]","(2,1)",0,False,EXACT_DERIVED
t17,"C[2,0]","(2,2)",0,False,EXACT_DERIVED
t17,"C[2,1]","(0,0)",0,False,EXACT_DERIVED
t17,"C[2,1]","(0,1)",0,False,EXACT_DERIVED
t17,"C[2,1]","(0,2)",0,False,EXACT_DERIVED
t17,"C[2,1]","(1,0)",0,False,EXACT_DERIVED
t17,"C[2,1]","(1,1)",0,False,EXACT_DERIVED
t17,"C[2,1]","(1,2)",0,False,EXACT_DERIVED
t17,"C[2,1]","(2,0)",0,False,EXACT_DERIVED
t17,"C[2,1]","(2,1)",0,False,EXACT_DERIVED
t17,"C[2,1]","(2,2)",0,False,EXACT_DERIVED
t17,"C[2,2]","(0,0)",0,False,EXACT_DERIVED
t17,"C[2,2]","(0,1)",0,False,EXACT_DERIVED
t17,"C[2,2]","(0,2)",0,False,EXACT_DERIVED
t17,"C[2,2]","(1,0)",0,False,EXACT_DERIVED
t17,"C[2,2]","(1,1)",0,False,EXACT_DERIVED
t17,"C[2,2]","(1,2)",0,False,EXACT_DERIVED
t17,"C[2,2]","(2,0)",0,False,EXACT_DERIVED
t17,"C[2,2]","(2,1)",0,False,EXACT_DERIVED
t17,"C[2,2]","(2,2)",0,False,EXACT_DERIVED
t18,"C[0,0]","(0,0)",0,False,EXACT_DERIVED
t18,"C[0,0]","(0,1)",0,False,EXACT_DERIVED
t18,"C[0,0]","(0,2)",0,False,EXACT_DERIVED
t18,"C[0,0]","(1,0)",0,False,EXACT_DERIVED
t18,"C[0,0]","(1,1)",0,False,EXACT_DERIVED
t18,"C[0,0]","(1,2)",0,False,EXACT_DERIVED
t18,"C[0,0]","(2,0)",0,False,EXACT_DERIVED
t18,"C[0,0]","(2,1)",0,False,EXACT_DERIVED
t18,"C[0,0]","(2,2)",0,False,EXACT_DERIVED
t18,"C[0,1]","(0,0)",0,False,EXACT_DERIVED
t18,"C[0,1]","(0,1)",0,False,EXACT_DERIVED
t18,"C[0,1]","(0,2)",0,False,EXACT_DERIVED
t18,"C[0,1]","(1,0)",0,False,EXACT_DERIVED
t18,"C[0,1]","(1,1)",0,False,EXACT_DERIVED
t18,"C[0,1]","(1,2)",0,False,EXACT_DERIVED
t18,"C[0,1]","(2,0)",0,False,EXACT_DERIVED
t18,"C[0,1]","(2,1)",0,False,EXACT_DERIVED
t18,"C[0,1]","(2,2)",0,False,EXACT_DERIVED
t18,"C[0,2]","(0,0)",0,False,EXACT_DERIVED
t18,"C[0,2]","(0,1)",0,False,EXACT_DERIVED
t18,"C[0,2]","(0,2)",0,False,EXACT_DERIVED
t18,"C[0,2]","(1,0)",0,False,EXACT_DERIVED
t18,"C[0,2]","(1,1)",0,False,EXACT_DERIVED
t18,"C[0,2]","(1,2)",0,False,EXACT_DERIVED
t18,"C[0,2]","(2,0)",0,False,EXACT_DERIVED
t18,"C[0,2]","(2,1)",0,False,EXACT_DERIVED
t18,"C[0,2]","(2,2)",0,False,EXACT_DERIVED
t18,"C[1,0]","(0,0)",0,False,EXACT_DERIVED
t18,"C[1,0]","(0,1)",0,False,EXACT_DERIVED
t18,"C[1,0]","(0,2)",0,False,EXACT_DERIVED
t18,"C[1,0]","(1,0)",0,False,EXACT_DERIVED
t18,"C[1,0]","(1,1)",0,False,EXACT_DERIVED
t18,"C[1,0]","(1,2)",0,False,EXACT_DERIVED
t18,"C[1,0]","(2,0)",0,False,EXACT_DERIVED
t18,"C[1,0]","(2,1)",0,False,EXACT_DERIVED
t18,"C[1,0]","(2,2)",0,False,EXACT_DERIVED
t18,"C[1,1]","(0,0)",0,False,EXACT_DERIVED
t18,"C[1,1]","(0,1)",0,False,EXACT_DERIVED
t18,"C[1,1]","(0,2)",0,False,EXACT_DERIVED
t18,"C[1,1]","(1,0)",0,False,EXACT_DERIVED
t18,"C[1,1]","(1,1)",0,False,EXACT_DERIVED
t18,"C[1,1]","(1,2)",0,False,EXACT_DERIVED
t18,"C[1,1]","(2,0)",0,False,EXACT_DERIVED
t18,"C[1,1]","(2,1)",0,False,EXACT_DERIVED
t18,"C[1,1]","(2,2)",0,False,EXACT_DERIVED
t18,"C[1,2]","(0,0)",0,False,EXACT_DERIVED
t18,"C[1,2]","(0,1)",0,False,EXACT_DERIVED
t18,"C[1,2]","(0,2)",0,False,EXACT_DERIVED
t18,"C[1,2]","(1,0)",0,False,EXACT_DERIVED
t18,"C[1,2]","(1,1)",0,False,EXACT_DERIVED
t18,"C[1,2]","(1,2)",1,True,EXACT_DERIVED
t18,"C[1,2]","(2,0)",0,False,EXACT_DERIVED
t18,"C[1,2]","(2,1)",0,False,EXACT_DERIVED
t18,"C[1,2]","(2,2)",0,False,EXACT_DERIVED
t18,"C[2,0]","(0,0)",0,False,EXACT_DERIVED
t18,"C[2,0]","(0,1)",0,False,EXACT_DERIVED
t18,"C[2,0]","(0,2)",0,False,EXACT_DERIVED
t18,"C[2,0]","(1,0)",0,False,EXACT_DERIVED
t18,"C[2,0]","(1,1)",0,False,EXACT_DERIVED
t18,"C[2,0]","(1,2)",0,False,EXACT_DERIVED
t18,"C[2,0]","(2,0)",0,False,EXACT_DERIVED
t18,"C[2,0]","(2,1)",0,False,EXACT_DERIVED
t18,"C[2,0]","(2,2)",0,False,EXACT_DERIVED
t18,"C[2,1]","(0,0)",0,False,EXACT_DERIVED
t18,"C[2,1]","(0,1)",0,False,EXACT_DERIVED
t18,"C[2,1]","(0,2)",0,False,EXACT_DERIVED
t18,"C[2,1]","(1,0)",0,False,EXACT_DERIVED
t18,"C[2,1]","(1,1)",0,False,EXACT_DERIVED
t18,"C[2,1]","(1,2)",-1,True,EXACT_DERIVED
t18,"C[2,1]","(2,0)",0,False,EXACT_DERIVED
t18,"C[2,1]","(2,1)",0,False,EXACT_DERIVED
t18,"C[2,1]","(2,2)",0,False,EXACT_DERIVED
t18,"C[2,2]","(0,0)",0,False,EXACT_DERIVED
t18,"C[2,2]","(0,1)",0,False,EXACT_DERIVED
t18,"C[2,2]","(0,2)",0,False,EXACT_DERIVED
t18,"C[2,2]","(1,0)",0,False,EXACT_DERIVED
t18,"C[2,2]","(1,1)",0,False,EXACT_DERIVED
t18,"C[2,2]","(1,2)",-1,True,EXACT_DERIVED
t18,"C[2,2]","(2,0)",0,False,EXACT_DERIVED
t18,"C[2,2]","(2,1)",0,False,EXACT_DERIVED
t18,"C[2,2]","(2,2)",0,False,EXACT_DERIVED
t19,"C[0,0]","(0,0)",0,False,EXACT_DERIVED
t19,"C[0,0]","(0,1)",0,False,EXACT_DERIVED
t19,"C[0,0]","(0,2)",0,False,EXACT_DERIVED
t19,"C[0,0]","(1,0)",0,False,EXACT_DERIVED
t19,"C[0,0]","(1,1)",0,False,EXACT_DERIVED
t19,"C[0,0]","(1,2)",0,False,EXACT_DERIVED
t19,"C[0,0]","(2,0)",-1,True,EXACT_DERIVED
t19,"C[0,0]","(2,1)",0,False,EXACT_DERIVED
t19,"C[0,0]","(2,2)",0,False,EXACT_DERIVED
t19,"C[0,1]","(0,0)",0,False,EXACT_DERIVED
t19,"C[0,1]","(0,1)",0,False,EXACT_DERIVED
t19,"C[0,1]","(0,2)",0,False,EXACT_DERIVED
t19,"C[0,1]","(1,0)",0,False,EXACT_DERIVED
t19,"C[0,1]","(1,1)",0,False,EXACT_DERIVED
t19,"C[0,1]","(1,2)",0,False,EXACT_DERIVED
t19,"C[0,1]","(2,0)",0,False,EXACT_DERIVED
t19,"C[0,1]","(2,1)",0,False,EXACT_DERIVED
t19,"C[0,1]","(2,2)",0,False,EXACT_DERIVED
t19,"C[0,2]","(0,0)",0,False,EXACT_DERIVED
t19,"C[0,2]","(0,1)",0,False,EXACT_DERIVED
t19,"C[0,2]","(0,2)",0,False,EXACT_DERIVED
t19,"C[0,2]","(1,0)",0,False,EXACT_DERIVED
t19,"C[0,2]","(1,1)",0,False,EXACT_DERIVED
t19,"C[0,2]","(1,2)",0,False,EXACT_DERIVED
t19,"C[0,2]","(2,0)",0,False,EXACT_DERIVED
t19,"C[0,2]","(2,1)",0,False,EXACT_DERIVED
t19,"C[0,2]","(2,2)",0,False,EXACT_DERIVED
t19,"C[1,0]","(0,0)",0,False,EXACT_DERIVED
t19,"C[1,0]","(0,1)",0,False,EXACT_DERIVED
t19,"C[1,0]","(0,2)",0,False,EXACT_DERIVED
t19,"C[1,0]","(1,0)",0,False,EXACT_DERIVED
t19,"C[1,0]","(1,1)",0,False,EXACT_DERIVED
t19,"C[1,0]","(1,2)",0,False,EXACT_DERIVED
t19,"C[1,0]","(2,0)",0,False,EXACT_DERIVED
t19,"C[1,0]","(2,1)",0,False,EXACT_DERIVED
t19,"C[1,0]","(2,2)",0,False,EXACT_DERIVED
t19,"C[1,1]","(0,0)",0,False,EXACT_DERIVED
t19,"C[1,1]","(0,1)",0,False,EXACT_DERIVED
t19,"C[1,1]","(0,2)",0,False,EXACT_DERIVED
t19,"C[1,1]","(1,0)",0,False,EXACT_DERIVED
t19,"C[1,1]","(1,1)",0,False,EXACT_DERIVED
t19,"C[1,1]","(1,2)",0,False,EXACT_DERIVED
t19,"C[1,1]","(2,0)",0,False,EXACT_DERIVED
t19,"C[1,1]","(2,1)",0,False,EXACT_DERIVED
t19,"C[1,1]","(2,2)",0,False,EXACT_DERIVED
t19,"C[1,2]","(0,0)",0,False,EXACT_DERIVED
t19,"C[1,2]","(0,1)",0,False,EXACT_DERIVED
t19,"C[1,2]","(0,2)",0,False,EXACT_DERIVED
t19,"C[1,2]","(1,0)",0,False,EXACT_DERIVED
t19,"C[1,2]","(1,1)",0,False,EXACT_DERIVED
t19,"C[1,2]","(1,2)",0,False,EXACT_DERIVED
t19,"C[1,2]","(2,0)",0,False,EXACT_DERIVED
t19,"C[1,2]","(2,1)",0,False,EXACT_DERIVED
t19,"C[1,2]","(2,2)",0,False,EXACT_DERIVED
t19,"C[2,0]","(0,0)",0,False,EXACT_DERIVED
t19,"C[2,0]","(0,1)",0,False,EXACT_DERIVED
t19,"C[2,0]","(0,2)",0,False,EXACT_DERIVED
t19,"C[2,0]","(1,0)",0,False,EXACT_DERIVED
t19,"C[2,0]","(1,1)",0,False,EXACT_DERIVED
t19,"C[2,0]","(1,2)",0,False,EXACT_DERIVED
t19,"C[2,0]","(2,0)",1,True,EXACT_DERIVED
t19,"C[2,0]","(2,1)",0,False,EXACT_DERIVED
t19,"C[2,0]","(2,2)",0,False,EXACT_DERIVED
t19,"C[2,1]","(0,0)",0,False,EXACT_DERIVED
t19,"C[2,1]","(0,1)",0,False,EXACT_DERIVED
t19,"C[2,1]","(0,2)",0,False,EXACT_DERIVED
t19,"C[2,1]","(1,0)",0,False,EXACT_DERIVED
t19,"C[2,1]","(1,1)",0,False,EXACT_DERIVED
t19,"C[2,1]","(1,2)",0,False,EXACT_DERIVED
t19,"C[2,1]","(2,0)",0,False,EXACT_DERIVED
t19,"C[2,1]","(2,1)",0,False,EXACT_DERIVED
t19,"C[2,1]","(2,2)",0,False,EXACT_DERIVED
t19,"C[2,2]","(0,0)",0,False,EXACT_DERIVED
t19,"C[2,2]","(0,1)",0,False,EXACT_DERIVED
t19,"C[2,2]","(0,2)",0,False,EXACT_DERIVED
t19,"C[2,2]","(1,0)",0,False,EXACT_DERIVED
t19,"C[2,2]","(1,1)",0,False,EXACT_DERIVED
t19,"C[2,2]","(1,2)",0,False,EXACT_DERIVED
t19,"C[2,2]","(2,0)",0,False,EXACT_DERIVED
t19,"C[2,2]","(2,1)",0,False,EXACT_DERIVED
t19,"C[2,2]","(2,2)",0,False,EXACT_DERIVED
t20,"C[0,0]","(0,0)",0,False,EXACT_DERIVED
t20,"C[0,0]","(0,1)",0,False,EXACT_DERIVED
t20,"C[0,0]","(0,2)",0,False,EXACT_DERIVED
t20,"C[0,0]","(1,0)",0,False,EXACT_DERIVED
t20,"C[0,0]","(1,1)",0,False,EXACT_DERIVED
t20,"C[0,0]","(1,2)",0,False,EXACT_DERIVED
t20,"C[0,0]","(2,0)",0,False,EXACT_DERIVED
t20,"C[0,0]","(2,1)",0,False,EXACT_DERIVED
t20,"C[0,0]","(2,2)",0,False,EXACT_DERIVED
t20,"C[0,1]","(0,0)",0,False,EXACT_DERIVED
t20,"C[0,1]","(0,1)",0,False,EXACT_DERIVED
t20,"C[0,1]","(0,2)",0,False,EXACT_DERIVED
t20,"C[0,1]","(1,0)",0,False,EXACT_DERIVED
t20,"C[0,1]","(1,1)",0,False,EXACT_DERIVED
t20,"C[0,1]","(1,2)",-1,True,EXACT_DERIVED
t20,"C[0,1]","(2,0)",0,False,EXACT_DERIVED
t20,"C[0,1]","(2,1)",0,False,EXACT_DERIVED
t20,"C[0,1]","(2,2)",0,False,EXACT_DERIVED
t20,"C[0,2]","(0,0)",0,False,EXACT_DERIVED
t20,"C[0,2]","(0,1)",0,False,EXACT_DERIVED
t20,"C[0,2]","(0,2)",0,False,EXACT_DERIVED
t20,"C[0,2]","(1,0)",0,False,EXACT_DERIVED
t20,"C[0,2]","(1,1)",0,False,EXACT_DERIVED
t20,"C[0,2]","(1,2)",-1,True,EXACT_DERIVED
t20,"C[0,2]","(2,0)",0,False,EXACT_DERIVED
t20,"C[0,2]","(2,1)",0,False,EXACT_DERIVED
t20,"C[0,2]","(2,2)",0,False,EXACT_DERIVED
t20,"C[1,0]","(0,0)",0,False,EXACT_DERIVED
t20,"C[1,0]","(0,1)",0,False,EXACT_DERIVED
t20,"C[1,0]","(0,2)",0,False,EXACT_DERIVED
t20,"C[1,0]","(1,0)",0,False,EXACT_DERIVED
t20,"C[1,0]","(1,1)",0,False,EXACT_DERIVED
t20,"C[1,0]","(1,2)",-1,True,EXACT_DERIVED
t20,"C[1,0]","(2,0)",0,False,EXACT_DERIVED
t20,"C[1,0]","(2,1)",0,False,EXACT_DERIVED
t20,"C[1,0]","(2,2)",0,False,EXACT_DERIVED
t20,"C[1,1]","(0,0)",0,False,EXACT_DERIVED
t20,"C[1,1]","(0,1)",0,False,EXACT_DERIVED
t20,"C[1,1]","(0,2)",0,False,EXACT_DERIVED
t20,"C[1,1]","(1,0)",0,False,EXACT_DERIVED
t20,"C[1,1]","(1,1)",0,False,EXACT_DERIVED
t20,"C[1,1]","(1,2)",1,True,EXACT_DERIVED
t20,"C[1,1]","(2,0)",0,False,EXACT_DERIVED
t20,"C[1,1]","(2,1)",0,False,EXACT_DERIVED
t20,"C[1,1]","(2,2)",0,False,EXACT_DERIVED
t20,"C[1,2]","(0,0)",0,False,EXACT_DERIVED
t20,"C[1,2]","(0,1)",0,False,EXACT_DERIVED
t20,"C[1,2]","(0,2)",0,False,EXACT_DERIVED
t20,"C[1,2]","(1,0)",0,False,EXACT_DERIVED
t20,"C[1,2]","(1,1)",0,False,EXACT_DERIVED
t20,"C[1,2]","(1,2)",1,True,EXACT_DERIVED
t20,"C[1,2]","(2,0)",0,False,EXACT_DERIVED
t20,"C[1,2]","(2,1)",0,False,EXACT_DERIVED
t20,"C[1,2]","(2,2)",0,False,EXACT_DERIVED
t20,"C[2,0]","(0,0)",0,False,EXACT_DERIVED
t20,"C[2,0]","(0,1)",0,False,EXACT_DERIVED
t20,"C[2,0]","(0,2)",0,False,EXACT_DERIVED
t20,"C[2,0]","(1,0)",0,False,EXACT_DERIVED
t20,"C[2,0]","(1,1)",0,False,EXACT_DERIVED
t20,"C[2,0]","(1,2)",0,False,EXACT_DERIVED
t20,"C[2,0]","(2,0)",0,False,EXACT_DERIVED
t20,"C[2,0]","(2,1)",0,False,EXACT_DERIVED
t20,"C[2,0]","(2,2)",0,False,EXACT_DERIVED
t20,"C[2,1]","(0,0)",0,False,EXACT_DERIVED
t20,"C[2,1]","(0,1)",0,False,EXACT_DERIVED
t20,"C[2,1]","(0,2)",0,False,EXACT_DERIVED
t20,"C[2,1]","(1,0)",0,False,EXACT_DERIVED
t20,"C[2,1]","(1,1)",0,False,EXACT_DERIVED
t20,"C[2,1]","(1,2)",0,False,EXACT_DERIVED
t20,"C[2,1]","(2,0)",0,False,EXACT_DERIVED
t20,"C[2,1]","(2,1)",0,False,EXACT_DERIVED
t20,"C[2,1]","(2,2)",0,False,EXACT_DERIVED
t20,"C[2,2]","(0,0)",0,False,EXACT_DERIVED
t20,"C[2,2]","(0,1)",0,False,EXACT_DERIVED
t20,"C[2,2]","(0,2)",0,False,EXACT_DERIVED
t20,"C[2,2]","(1,0)",0,False,EXACT_DERIVED
t20,"C[2,2]","(1,1)",0,False,EXACT_DERIVED
t20,"C[2,2]","(1,2)",0,False,EXACT_DERIVED
t20,"C[2,2]","(2,0)",0,False,EXACT_DERIVED
t20,"C[2,2]","(2,1)",0,False,EXACT_DERIVED
t20,"C[2,2]","(2,2)",0,False,EXACT_DERIVED
t21,"C[0,0]","(0,0)",0,False,EXACT_DERIVED
t21,"C[0,0]","(0,1)",0,False,EXACT_DERIVED
t21,"C[0,0]","(0,2)",0,False,EXACT_DERIVED
t21,"C[0,0]","(1,0)",0,False,EXACT_DERIVED
t21,"C[0,0]","(1,1)",0,False,EXACT_DERIVED
t21,"C[0,0]","(1,2)",0,False,EXACT_DERIVED
t21,"C[0,0]","(2,0)",0,False,EXACT_DERIVED
t21,"C[0,0]","(2,1)",0,False,EXACT_DERIVED
t21,"C[0,0]","(2,2)",0,False,EXACT_DERIVED
t21,"C[0,1]","(0,0)",0,False,EXACT_DERIVED
t21,"C[0,1]","(0,1)",0,False,EXACT_DERIVED
t21,"C[0,1]","(0,2)",0,False,EXACT_DERIVED
t21,"C[0,1]","(1,0)",0,False,EXACT_DERIVED
t21,"C[0,1]","(1,1)",0,False,EXACT_DERIVED
t21,"C[0,1]","(1,2)",0,False,EXACT_DERIVED
t21,"C[0,1]","(2,0)",0,False,EXACT_DERIVED
t21,"C[0,1]","(2,1)",0,False,EXACT_DERIVED
t21,"C[0,1]","(2,2)",0,False,EXACT_DERIVED
t21,"C[0,2]","(0,0)",0,False,EXACT_DERIVED
t21,"C[0,2]","(0,1)",0,False,EXACT_DERIVED
t21,"C[0,2]","(0,2)",0,False,EXACT_DERIVED
t21,"C[0,2]","(1,0)",0,False,EXACT_DERIVED
t21,"C[0,2]","(1,1)",0,False,EXACT_DERIVED
t21,"C[0,2]","(1,2)",0,False,EXACT_DERIVED
t21,"C[0,2]","(2,0)",0,False,EXACT_DERIVED
t21,"C[0,2]","(2,1)",0,False,EXACT_DERIVED
t21,"C[0,2]","(2,2)",0,False,EXACT_DERIVED
t21,"C[1,0]","(0,0)",0,False,EXACT_DERIVED
t21,"C[1,0]","(0,1)",0,False,EXACT_DERIVED
t21,"C[1,0]","(0,2)",0,False,EXACT_DERIVED
t21,"C[1,0]","(1,0)",0,False,EXACT_DERIVED
t21,"C[1,0]","(1,1)",0,False,EXACT_DERIVED
t21,"C[1,0]","(1,2)",0,False,EXACT_DERIVED
t21,"C[1,0]","(2,0)",0,False,EXACT_DERIVED
t21,"C[1,0]","(2,1)",0,False,EXACT_DERIVED
t21,"C[1,0]","(2,2)",0,False,EXACT_DERIVED
t21,"C[1,1]","(0,0)",0,False,EXACT_DERIVED
t21,"C[1,1]","(0,1)",0,False,EXACT_DERIVED
t21,"C[1,1]","(0,2)",0,False,EXACT_DERIVED
t21,"C[1,1]","(1,0)",0,False,EXACT_DERIVED
t21,"C[1,1]","(1,1)",0,False,EXACT_DERIVED
t21,"C[1,1]","(1,2)",0,False,EXACT_DERIVED
t21,"C[1,1]","(2,0)",0,False,EXACT_DERIVED
t21,"C[1,1]","(2,1)",0,False,EXACT_DERIVED
t21,"C[1,1]","(2,2)",0,False,EXACT_DERIVED
t21,"C[1,2]","(0,0)",0,False,EXACT_DERIVED
t21,"C[1,2]","(0,1)",0,False,EXACT_DERIVED
t21,"C[1,2]","(0,2)",0,False,EXACT_DERIVED
t21,"C[1,2]","(1,0)",0,False,EXACT_DERIVED
t21,"C[1,2]","(1,1)",0,False,EXACT_DERIVED
t21,"C[1,2]","(1,2)",0,False,EXACT_DERIVED
t21,"C[1,2]","(2,0)",0,False,EXACT_DERIVED
t21,"C[1,2]","(2,1)",0,False,EXACT_DERIVED
t21,"C[1,2]","(2,2)",0,False,EXACT_DERIVED
t21,"C[2,0]","(0,0)",0,False,EXACT_DERIVED
t21,"C[2,0]","(0,1)",0,False,EXACT_DERIVED
t21,"C[2,0]","(0,2)",0,False,EXACT_DERIVED
t21,"C[2,0]","(1,0)",0,False,EXACT_DERIVED
t21,"C[2,0]","(1,1)",0,False,EXACT_DERIVED
t21,"C[2,0]","(1,2)",0,False,EXACT_DERIVED
t21,"C[2,0]","(2,0)",0,False,EXACT_DERIVED
t21,"C[2,0]","(2,1)",0,False,EXACT_DERIVED
t21,"C[2,0]","(2,2)",0,False,EXACT_DERIVED
t21,"C[2,1]","(0,0)",0,False,EXACT_DERIVED
t21,"C[2,1]","(0,1)",0,False,EXACT_DERIVED
t21,"C[2,1]","(0,2)",0,False,EXACT_DERIVED
t21,"C[2,1]","(1,0)",1,True,EXACT_DERIVED
t21,"C[2,1]","(1,1)",0,False,EXACT_DERIVED
t21,"C[2,1]","(1,2)",1,True,EXACT_DERIVED
t21,"C[2,1]","(2,0)",1,True,EXACT_DERIVED
t21,"C[2,1]","(2,1)",0,False,EXACT_DERIVED
t21,"C[2,1]","(2,2)",1,True,EXACT_DERIVED
t21,"C[2,2]","(0,0)",0,False,EXACT_DERIVED
t21,"C[2,2]","(0,1)",0,False,EXACT_DERIVED
t21,"C[2,2]","(0,2)",0,False,EXACT_DERIVED
t21,"C[2,2]","(1,0)",1,True,EXACT_DERIVED
t21,"C[2,2]","(1,1)",0,False,EXACT_DERIVED
t21,"C[2,2]","(1,2)",1,True,EXACT_DERIVED
t21,"C[2,2]","(2,0)",1,True,EXACT_DERIVED
t21,"C[2,2]","(2,1)",0,False,EXACT_DERIVED
t21,"C[2,2]","(2,2)",1,True,EXACT_DERIVED
t22,"C[0,0]","(0,0)",0,False,EXACT_DERIVED
t22,"C[0,0]","(0,1)",0,False,EXACT_DERIVED
t22,"C[0,0]","(0,2)",0,False,EXACT_DERIVED
t22,"C[0,0]","(1,0)",0,False,EXACT_DERIVED
t22,"C[0,0]","(1,1)",0,False,EXACT_DERIVED
t22,"C[0,0]","(1,2)",0,False,EXACT_DERIVED
t22,"C[0,0]","(2,0)",0,False,EXACT_DERIVED
t22,"C[0,0]","(2,1)",0,False,EXACT_DERIVED
t22,"C[0,0]","(2,2)",0,False,EXACT_DERIVED
t22,"C[0,1]","(0,0)",0,False,EXACT_DERIVED
t22,"C[0,1]","(0,1)",0,False,EXACT_DERIVED
t22,"C[0,1]","(0,2)",0,False,EXACT_DERIVED
t22,"C[0,1]","(1,0)",0,False,EXACT_DERIVED
t22,"C[0,1]","(1,1)",0,False,EXACT_DERIVED
t22,"C[0,1]","(1,2)",0,False,EXACT_DERIVED
t22,"C[0,1]","(2,0)",0,False,EXACT_DERIVED
t22,"C[0,1]","(2,1)",0,False,EXACT_DERIVED
t22,"C[0,1]","(2,2)",0,False,EXACT_DERIVED
t22,"C[0,2]","(0,0)",0,False,EXACT_DERIVED
t22,"C[0,2]","(0,1)",0,False,EXACT_DERIVED
t22,"C[0,2]","(0,2)",0,False,EXACT_DERIVED
t22,"C[0,2]","(1,0)",0,False,EXACT_DERIVED
t22,"C[0,2]","(1,1)",0,False,EXACT_DERIVED
t22,"C[0,2]","(1,2)",0,False,EXACT_DERIVED
t22,"C[0,2]","(2,0)",0,False,EXACT_DERIVED
t22,"C[0,2]","(2,1)",0,False,EXACT_DERIVED
t22,"C[0,2]","(2,2)",0,False,EXACT_DERIVED
t22,"C[1,0]","(0,0)",0,False,EXACT_DERIVED
t22,"C[1,0]","(0,1)",0,False,EXACT_DERIVED
t22,"C[1,0]","(0,2)",0,False,EXACT_DERIVED
t22,"C[1,0]","(1,0)",0,False,EXACT_DERIVED
t22,"C[1,0]","(1,1)",0,False,EXACT_DERIVED
t22,"C[1,0]","(1,2)",0,False,EXACT_DERIVED
t22,"C[1,0]","(2,0)",0,False,EXACT_DERIVED
t22,"C[1,0]","(2,1)",0,False,EXACT_DERIVED
t22,"C[1,0]","(2,2)",0,False,EXACT_DERIVED
t22,"C[1,1]","(0,0)",0,False,EXACT_DERIVED
t22,"C[1,1]","(0,1)",0,False,EXACT_DERIVED
t22,"C[1,1]","(0,2)",0,False,EXACT_DERIVED
t22,"C[1,1]","(1,0)",0,False,EXACT_DERIVED
t22,"C[1,1]","(1,1)",0,False,EXACT_DERIVED
t22,"C[1,1]","(1,2)",0,False,EXACT_DERIVED
t22,"C[1,1]","(2,0)",0,False,EXACT_DERIVED
t22,"C[1,1]","(2,1)",0,False,EXACT_DERIVED
t22,"C[1,1]","(2,2)",0,False,EXACT_DERIVED
t22,"C[1,2]","(0,0)",0,False,EXACT_DERIVED
t22,"C[1,2]","(0,1)",0,False,EXACT_DERIVED
t22,"C[1,2]","(0,2)",0,False,EXACT_DERIVED
t22,"C[1,2]","(1,0)",0,False,EXACT_DERIVED
t22,"C[1,2]","(1,1)",0,False,EXACT_DERIVED
t22,"C[1,2]","(1,2)",1,True,EXACT_DERIVED
t22,"C[1,2]","(2,0)",0,False,EXACT_DERIVED
t22,"C[1,2]","(2,1)",0,False,EXACT_DERIVED
t22,"C[1,2]","(2,2)",0,False,EXACT_DERIVED
t22,"C[2,0]","(0,0)",0,False,EXACT_DERIVED
t22,"C[2,0]","(0,1)",0,False,EXACT_DERIVED
t22,"C[2,0]","(0,2)",0,False,EXACT_DERIVED
t22,"C[2,0]","(1,0)",0,False,EXACT_DERIVED
t22,"C[2,0]","(1,1)",0,False,EXACT_DERIVED
t22,"C[2,0]","(1,2)",0,False,EXACT_DERIVED
t22,"C[2,0]","(2,0)",0,False,EXACT_DERIVED
t22,"C[2,0]","(2,1)",0,False,EXACT_DERIVED
t22,"C[2,0]","(2,2)",0,False,EXACT_DERIVED
t22,"C[2,1]","(0,0)",0,False,EXACT_DERIVED
t22,"C[2,1]","(0,1)",0,False,EXACT_DERIVED
t22,"C[2,1]","(0,2)",0,False,EXACT_DERIVED
t22,"C[2,1]","(1,0)",0,False,EXACT_DERIVED
t22,"C[2,1]","(1,1)",0,False,EXACT_DERIVED
t22,"C[2,1]","(1,2)",0,False,EXACT_DERIVED
t22,"C[2,1]","(2,0)",0,False,EXACT_DERIVED
t22,"C[2,1]","(2,1)",0,False,EXACT_DERIVED
t22,"C[2,1]","(2,2)",0,False,EXACT_DERIVED
t22,"C[2,2]","(0,0)",0,False,EXACT_DERIVED
t22,"C[2,2]","(0,1)",0,False,EXACT_DERIVED
t22,"C[2,2]","(0,2)",0,False,EXACT_DERIVED
t22,"C[2,2]","(1,0)",0,False,EXACT_DERIVED
t22,"C[2,2]","(1,1)",0,False,EXACT_DERIVED
t22,"C[2,2]","(1,2)",0,False,EXACT_DERIVED
t22,"C[2,2]","(2,0)",0,False,EXACT_DERIVED
t22,"C[2,2]","(2,1)",0,False,EXACT_DERIVED
t22,"C[2,2]","(2,2)",0,False,EXACT_DERIVED
t23,"C[0,0]","(0,0)",0,False,EXACT_DERIVED
t23,"C[0,0]","(0,1)",0,False,EXACT_DERIVED
t23,"C[0,0]","(0,2)",0,False,EXACT_DERIVED
t23,"C[0,0]","(1,0)",0,False,EXACT_DERIVED
t23,"C[0,0]","(1,1)",0,False,EXACT_DERIVED
t23,"C[0,0]","(1,2)",0,False,EXACT_DERIVED
t23,"C[0,0]","(2,0)",0,False,EXACT_DERIVED
t23,"C[0,0]","(2,1)",0,False,EXACT_DERIVED
t23,"C[0,0]","(2,2)",0,False,EXACT_DERIVED
t23,"C[0,1]","(0,0)",0,False,EXACT_DERIVED
t23,"C[0,1]","(0,1)",0,False,EXACT_DERIVED
t23,"C[0,1]","(0,2)",0,False,EXACT_DERIVED
t23,"C[0,1]","(1,0)",0,False,EXACT_DERIVED
t23,"C[0,1]","(1,1)",0,False,EXACT_DERIVED
t23,"C[0,1]","(1,2)",0,False,EXACT_DERIVED
t23,"C[0,1]","(2,0)",0,False,EXACT_DERIVED
t23,"C[0,1]","(2,1)",0,False,EXACT_DERIVED
t23,"C[0,1]","(2,2)",0,False,EXACT_DERIVED
t23,"C[0,2]","(0,0)",0,False,EXACT_DERIVED
t23,"C[0,2]","(0,1)",0,False,EXACT_DERIVED
t23,"C[0,2]","(0,2)",0,False,EXACT_DERIVED
t23,"C[0,2]","(1,0)",0,False,EXACT_DERIVED
t23,"C[0,2]","(1,1)",0,False,EXACT_DERIVED
t23,"C[0,2]","(1,2)",0,False,EXACT_DERIVED
t23,"C[0,2]","(2,0)",0,False,EXACT_DERIVED
t23,"C[0,2]","(2,1)",0,False,EXACT_DERIVED
t23,"C[0,2]","(2,2)",0,False,EXACT_DERIVED
t23,"C[1,0]","(0,0)",0,False,EXACT_DERIVED
t23,"C[1,0]","(0,1)",0,False,EXACT_DERIVED
t23,"C[1,0]","(0,2)",0,False,EXACT_DERIVED
t23,"C[1,0]","(1,0)",0,False,EXACT_DERIVED
t23,"C[1,0]","(1,1)",0,False,EXACT_DERIVED
t23,"C[1,0]","(1,2)",0,False,EXACT_DERIVED
t23,"C[1,0]","(2,0)",-1,True,EXACT_DERIVED
t23,"C[1,0]","(2,1)",0,False,EXACT_DERIVED
t23,"C[1,0]","(2,2)",0,False,EXACT_DERIVED
t23,"C[1,1]","(0,0)",0,False,EXACT_DERIVED
t23,"C[1,1]","(0,1)",0,False,EXACT_DERIVED
t23,"C[1,1]","(0,2)",0,False,EXACT_DERIVED
t23,"C[1,1]","(1,0)",0,False,EXACT_DERIVED
t23,"C[1,1]","(1,1)",0,False,EXACT_DERIVED
t23,"C[1,1]","(1,2)",0,False,EXACT_DERIVED
t23,"C[1,1]","(2,0)",0,False,EXACT_DERIVED
t23,"C[1,1]","(2,1)",0,False,EXACT_DERIVED
t23,"C[1,1]","(2,2)",0,False,EXACT_DERIVED
t23,"C[1,2]","(0,0)",0,False,EXACT_DERIVED
t23,"C[1,2]","(0,1)",0,False,EXACT_DERIVED
t23,"C[1,2]","(0,2)",0,False,EXACT_DERIVED
t23,"C[1,2]","(1,0)",0,False,EXACT_DERIVED
t23,"C[1,2]","(1,1)",0,False,EXACT_DERIVED
t23,"C[1,2]","(1,2)",0,False,EXACT_DERIVED
t23,"C[1,2]","(2,0)",0,False,EXACT_DERIVED
t23,"C[1,2]","(2,1)",0,False,EXACT_DERIVED
t23,"C[1,2]","(2,2)",0,False,EXACT_DERIVED
t23,"C[2,0]","(0,0)",0,False,EXACT_DERIVED
t23,"C[2,0]","(0,1)",0,False,EXACT_DERIVED
t23,"C[2,0]","(0,2)",0,False,EXACT_DERIVED
t23,"C[2,0]","(1,0)",0,False,EXACT_DERIVED
t23,"C[2,0]","(1,1)",0,False,EXACT_DERIVED
t23,"C[2,0]","(1,2)",0,False,EXACT_DERIVED
t23,"C[2,0]","(2,0)",1,True,EXACT_DERIVED
t23,"C[2,0]","(2,1)",0,False,EXACT_DERIVED
t23,"C[2,0]","(2,2)",0,False,EXACT_DERIVED
t23,"C[2,1]","(0,0)",0,False,EXACT_DERIVED
t23,"C[2,1]","(0,1)",0,False,EXACT_DERIVED
t23,"C[2,1]","(0,2)",0,False,EXACT_DERIVED
t23,"C[2,1]","(1,0)",0,False,EXACT_DERIVED
t23,"C[2,1]","(1,1)",0,False,EXACT_DERIVED
t23,"C[2,1]","(1,2)",0,False,EXACT_DERIVED
t23,"C[2,1]","(2,0)",-1,True,EXACT_DERIVED
t23,"C[2,1]","(2,1)",0,False,EXACT_DERIVED
t23,"C[2,1]","(2,2)",0,False,EXACT_DERIVED
t23,"C[2,2]","(0,0)",0,False,EXACT_DERIVED
t23,"C[2,2]","(0,1)",0,False,EXACT_DERIVED
t23,"C[2,2]","(0,2)",0,False,EXACT_DERIVED
t23,"C[2,2]","(1,0)",0,False,EXACT_DERIVED
t23,"C[2,2]","(1,1)",0,False,EXACT_DERIVED
t23,"C[2,2]","(1,2)",0,False,EXACT_DERIVED
t23,"C[2,2]","(2,0)",0,False,EXACT_DERIVED
t23,"C[2,2]","(2,1)",0,False,EXACT_DERIVED
t23,"C[2,2]","(2,2)",0,False,EXACT_DERIVED
